Name                                             ,Level Sync ,Location
On the Lamb (FATE)                               ,         3 ,Middle La Noscea
Taking It to the Streams                         ,         4 ,Middle La Noscea
Overnight Migration                              ,         5 ,Middle La Noscea
Yellow-bellied Greenbacks                        ,         5 ,Middle La Noscea
Thwack-a-Mole (FATE)                             ,         6 ,Middle La Noscea
Crying over Spilled Salt                         ,         7 ,Middle La Noscea
"Hello, Work"                                    ,         7 ,Middle La Noscea
Menuis at Work                                   ,         8 ,Middle La Noscea
The Orange Boxes                                 ,         9 ,Middle La Noscea
Shearing is Caring                               ,        10 ,Middle La Noscea
Sister Crustacean                                ,        12 ,Middle La Noscea
Go Wespe                                         ,        13 ,Middle La Noscea
"A Mad, Mad, Mad Sergeant"                       ,        14 ,Middle La Noscea
The Boy Who Cried Jackal                         ,        14 ,Middle La Noscea
The Truth Is out There                           ,        14 ,Middle La Noscea
I Melt with You                                  ,         3 ,Lower La Noscea
You Call that a Toad                             ,         4 ,Lower La Noscea
Fight the Flower                                 ,         5 ,Lower La Noscea
Caving In                                        ,         7 ,Lower La Noscea
Man of the Flour                                 ,         8 ,Lower La Noscea
Enter Beastman                                   ,         9 ,Lower La Noscea
One Pickman Enters                               ,         9 ,Lower La Noscea
In the Name of Love                              ,        10 ,Lower La Noscea
Under the Bridge                                 ,        10 ,Lower La Noscea
Away in a Bilge Hold                             ,        11 ,Lower La Noscea
Don't Drink the Water                            ,        12 ,Lower La Noscea
One Prince                                       ,        13 ,Lower La Noscea
Careless Whiskers                                ,        30 ,Eastern La Noscea
Crab and Go                                      ,        30 ,Eastern La Noscea
Just a Matter of Rut                             ,        31 ,Eastern La Noscea
9 to 5                                           ,        32 ,Eastern La Noscea
Cliff Hanger                                     ,        32 ,Eastern La Noscea
Finding Wine                                     ,        32 ,Eastern La Noscea
It's Not Lupus                                   ,        32 ,Eastern La Noscea
Jewels of the Isle                               ,        32 ,Eastern La Noscea
Return of the King (Removed)                     ,        32 ,Eastern La Noscea
Say My Name                                      ,        32 ,Eastern La Noscea
The Pelican Briefing                             ,        32 ,Eastern La Noscea
The Thirst                                       ,        32 ,Eastern La Noscea
"Consigned, Sealed, and Undelivered"             ,        33 ,Eastern La Noscea
Follow the Light                                 ,        33 ,Eastern La Noscea
Ho Ho Ho                                         ,        33 ,Eastern La Noscea
Long Way Home                                    ,        33 ,Eastern La Noscea
No Lip                                           ,        33 ,Eastern La Noscea
Sweeter than Honey                               ,        33 ,Eastern La Noscea
Them                                             ,        33 ,Eastern La Noscea
Thrill of the Hunt                               ,        33 ,Eastern La Noscea
Closing Time                                     ,        34 ,Eastern La Noscea
Barometz Soup                                    ,        10 ,Western La Noscea
Shredding Wheat                                  ,        10 ,Western La Noscea
Tender Buttons                                   ,        12 ,Western La Noscea
The Last Straw                                   ,        12 ,Western La Noscea
(I Just) Died in Six Arms Tonight                ,        13 ,Western La Noscea
Between Aurochs                                  ,        15 ,Western La Noscea
Goblin Chain                                     ,        15 ,Western La Noscea
Absolutely Positively                            ,        16 ,Western La Noscea
In the Sac                                       ,        16 ,Western La Noscea
Don't Call Him a Fishback                        ,        17 ,Western La Noscea
Letters from Tidegate                            ,        17 ,Western La Noscea
Iron Contra Affair                               ,        18 ,Western La Noscea
Tryp Fantastic                                   ,        18 ,Western La Noscea
Dead Man's Rest                                  ,        40 ,Western La Noscea
The King's Justice                               ,        40 ,Western La Noscea
Breaching North Tidegate                         ,        44 ,Western La Noscea
Gauging North Tidegate                           ,        44 ,Western La Noscea
Sharknado                                        ,        44 ,Western La Noscea
Breaching South Tidegate                         ,        45 ,Western La Noscea
Gauging South Tidegate                           ,        45 ,Western La Noscea
Tail of a Whale                                  ,        46 ,Western La Noscea
Watch Your Tongue                                ,        48 ,Western La Noscea
Making Waves                                     ,        49 ,Western La Noscea
Poor Maid's Mess                                 ,        20 ,Upper La Noscea
Poor Maid's Misadventure (Removed)               ,        20 ,Upper La Noscea
Poor Maid's Misfortune                           ,        20 ,Upper La Noscea
Poor Maid's Mishap                               ,        20 ,Upper La Noscea
Giant Enemy Crab                                 ,        21 ,Upper La Noscea
Simurgh Is the Word                              ,        23 ,Upper La Noscea
The Road More Traveled                           ,        30 ,Upper La Noscea
Truth in Faerie Tales                            ,        30 ,Upper La Noscea
Nine-ilm Snails                                  ,        31 ,Upper La Noscea
Shell Shocked                                    ,        31 ,Upper La Noscea
Hop Skip and a Jump                              ,        33 ,Upper La Noscea
Peeping Ja                                       ,        33 ,Upper La Noscea
Surprise                                         ,        34 ,Upper La Noscea
Peryton Perhaps                                  ,        30 ,Outer La Noscea
By a Whisker                                     ,        34 ,Outer La Noscea
I'm a Rock Not a Number                          ,        34 ,Outer La Noscea
Overlooking the Obvious                          ,        34 ,Outer La Noscea
Restless in O'Ghomoro                            ,        34 ,Outer La Noscea
The Only Way Is Up                               ,        34 ,Outer La Noscea
When the Coeurl's Away                           ,        34 ,Outer La Noscea
Fire in the Hole                                 ,        41 ,Outer La Noscea
Make it Rain                                     ,        41 ,Outer La Noscea
Schism                                           ,        41 ,Outer La Noscea
The Miner in the Mirror                          ,        44 ,Outer La Noscea
Making the Rounds                                ,        47 ,Outer La Noscea
Stopping the Shakes                              ,        47 ,Outer La Noscea
Full Metal Alchemist                             ,        49 ,Outer La Noscea
One Enchanted Eve                                ,         4 ,Central Shroud
Clever Girls                                     ,         5 ,Central Shroud
Training Day                                     ,         5 ,Central Shroud
Lady Killer                                      ,         7 ,Central Shroud
A Mother Scorned                                 ,         8 ,Central Shroud
Something in the Water                           ,         8 ,Central Shroud
Alux of the Draw                                 ,         9 ,Central Shroud
Leader of the Pack                               ,         9 ,Central Shroud
Lethe on My Mind                                 ,        10 ,Central Shroud
Spirithold Run                                   ,        10 ,Central Shroud
Love is in the Air                               ,        11 ,Central Shroud
The Sting                                        ,        11 ,Central Shroud
Sleep Tight                                      ,        12 ,Central Shroud
Bleeding Green                                   ,        13 ,Central Shroud
There's Something About Lou                      ,        14 ,Central Shroud
What's Your Poison (FATE)                        ,        30 ,Central Shroud
My Baby Green                                    ,        31 ,Central Shroud
Revenant Things                                  ,        31 ,Central Shroud
The Lindwurm Has Turned                          ,        31 ,Central Shroud
If I Only Had a Soul                             ,        33 ,Central Shroud
Asipatra Attacks                                 ,        34 ,Central Shroud
In Spite of It All                               ,        43 ,Central Shroud
Steel Reign                                      ,        50 ,Central Shroud
Carrion Baggage                                  ,        11 ,East Shroud
Now I See Bees I Won                             ,        11 ,East Shroud
Royal Rumble                                     ,        16 ,East Shroud
Stopping the Spread                              ,        17 ,East Shroud
Ivy League                                       ,        19 ,East Shroud
Jack of All Trades                               ,        19 ,East Shroud
Lazy for You                                     ,        20 ,East Shroud
Protecting the Patch                             ,        20 ,East Shroud
What Have You Done for Mead Lately               ,        21 ,East Shroud
Thunderstruck                                    ,        23 ,East Shroud
All Vine and No Popotoes                         ,        40 ,East Shroud
Collecting Keepsakes                             ,        40 ,East Shroud
A Wrench in the Works                            ,        42 ,East Shroud
The Enemy of My Enemy                            ,        42 ,East Shroud
The Enmity of My Enemy                           ,        42 ,East Shroud
The Squirrel Trapper's Wife                      ,        43 ,East Shroud
Below His Station                                ,        44 ,East Shroud
Got Milkroot                                     ,        46 ,East Shroud
Breaking Dawn                                    ,        47 ,East Shroud
Bush Blade                                       ,        47 ,East Shroud
Everything's Better                              ,        49 ,East Shroud
Handful of Dreams                                ,        49 ,East Shroud
The Gale that Rocks the Cradle                   ,        49 ,East Shroud
What a Boar                                      ,        49 ,East Shroud
Stag Parting                                     ,        21 ,South Shroud
Another Round                                    ,        22 ,South Shroud
Kickin' it with the Kedtraps                     ,        22 ,South Shroud
To Whom the Toll Goes                            ,        22 ,South Shroud
The Hunted                                       ,        23 ,South Shroud
Conspiracy Theory                                ,        24 ,South Shroud
The Negotiators                                  ,        28 ,South Shroud
Hide and Seek (FATE)                             ,        29 ,South Shroud
Robbin' Goblins                                  ,        29 ,South Shroud
The Coeurl King                                  ,        29 ,South Shroud
To Train a Tortoise                              ,        30 ,South Shroud
Fate is a Fecal Mistress                         ,        31 ,South Shroud
A Tale of Two-tails                              ,        32 ,South Shroud
Breaching the Hive                               ,        32 ,South Shroud
Clearing the Hive                                ,        32 ,South Shroud
Defending the Hive                               ,        32 ,South Shroud
Keeping the Hive                                 ,        32 ,South Shroud
Rogue on the Water                               ,        33 ,South Shroud
Eft for Dead                                     ,        34 ,South Shroud
What Gored Before                                ,        46 ,South Shroud
Breaking Bud                                     ,         3 ,North Shroud
Dschubba Snacks                                  ,         3 ,North Shroud
No Birds Allowed                                 ,         5 ,North Shroud
The Magical Fruit                                ,         7 ,North Shroud
Micromanaging                                    ,         8 ,North Shroud
The Big Issue                                    ,        25 ,North Shroud
Hare Today                                       ,        27 ,North Shroud
It Ziz What It Is                                ,        27 ,North Shroud
That Which Binds Us (FATE)                       ,        28 ,North Shroud
Waiting for a Moon to Fall                       ,        28 ,North Shroud
Don't Disturb This Grove                         ,        37 ,North Shroud
Smells Like Tree Spirit                          ,        37 ,North Shroud
Air Supply                                       ,        47 ,North Shroud
Rude Awakening                                   ,        48 ,North Shroud
Let them Eat Cactus                              ,         5 ,Central Thanalan
Like an Eft out of Water                         ,         5 ,Central Thanalan
Something to Prove                               ,         5 ,Central Thanalan
Survivor Rats                                    ,         6 ,Central Thanalan
A Warm Welcome (FATE)                            ,         7 ,Central Thanalan
Big Time                                         ,         7 ,Central Thanalan
Wrecked Rats                                     ,         7 ,Central Thanalan
Cracked                                          ,         9 ,Central Thanalan
For the Queen                                    ,         9 ,Central Thanalan
A Few Arrows Short of a Quiver                   ,        11 ,Central Thanalan
Leaving the Nest                                 ,        12 ,Central Thanalan
Cold-blooded                                     ,        14 ,Central Thanalan
Orobon Part Two: The Spawning                    ,        14 ,Central Thanalan
A Matter of Rust                                 ,         5 ,Western Thanalan
Needles to Slay                                  ,         5 ,Western Thanalan
Things that Make You Go Home                     ,         6 ,Western Thanalan
Deface the Facts                                 ,         8 ,Western Thanalan
"Please Hammers, Don't Hurt Them"                ,         8 ,Western Thanalan
The Cores                                        ,         8 ,Western Thanalan
Doomed                                           ,         9 ,Western Thanalan
The Villain                                      ,         9 ,Western Thanalan
Copied Peistes                                   ,        10 ,Western Thanalan
Dog Eat Dog                                      ,        10 ,Western Thanalan
Pound for Pound                                  ,        10 ,Western Thanalan
Bigger Fish to Fry                               ,        13 ,Western Thanalan
Bubble Trouble                                   ,        13 ,Western Thanalan
Staying Dead                                     ,        20 ,Western Thanalan
There Might Be Giants                            ,        21 ,Western Thanalan
He's Got Legs (FATE)                             ,        22 ,Western Thanalan
Tripped up by the Fruit of Another               ,        22 ,Western Thanalan
Juggernaut Down                                  ,        23 ,Western Thanalan
License to Quill                                 ,        15 ,Eastern Thanalan
Almost Paradise                                  ,        17 ,Eastern Thanalan
Bazaar Blood Triangle                            ,        17 ,Eastern Thanalan
Deep in the Heart of Sagolii                     ,        17 ,Eastern Thanalan
Grim Undertakings                                ,        17 ,Eastern Thanalan
Simple Minds                                     ,        17 ,Eastern Thanalan
Bad Camp                                         ,        18 ,Eastern Thanalan
Westward Bound                                   ,        18 ,Eastern Thanalan
Men Who See Goats                                ,        19 ,Eastern Thanalan
Attack on Highbridge: Act I                      ,        26 ,Eastern Thanalan
Attack on Highbridge: Act II                     ,        26 ,Eastern Thanalan
Attack on Highbridge: Act III                    ,        26 ,Eastern Thanalan
Attack on Highbridge: Denouement                 ,        26 ,Eastern Thanalan
Attack on Highbridge: Prelude                    ,        26 ,Eastern Thanalan
Desert Rose                                      ,        26 ,Eastern Thanalan
Manifest Destiny                                 ,        27 ,Eastern Thanalan
Spare the Hair                                   ,        29 ,Eastern Thanalan
A Man Rides Through                              ,        40 ,Eastern Thanalan
Bad Hair Day                                     ,        42 ,Eastern Thanalan
Quartz Coupling                                  ,        42 ,Eastern Thanalan
The Big Bagoly Theory                            ,        42 ,Eastern Thanalan
Downwind                                         ,        25 ,Southern Thanalan
Run Like a Flame                                 ,        26 ,Southern Thanalan
The Corpse Bribe                                 ,        27 ,Southern Thanalan
Adventures in Throat Slitting                    ,        28 ,Southern Thanalan
Bump and Grind                                   ,        28 ,Southern Thanalan
"Harder, Bigger, Faster, Stronger"               ,        28 ,Southern Thanalan
Soul Man                                         ,        29 ,Southern Thanalan
Children of the Sands                            ,        31 ,Southern Thanalan
Fish out of Water                                ,        31 ,Southern Thanalan
"Blood, Augur, Hex, Magicks"                     ,        32 ,Southern Thanalan
From Point A                                     ,        32 ,Southern Thanalan
Revenge of the Worms                             ,        32 ,Southern Thanalan
Heroes of the 2nd                                ,        45 ,Southern Thanalan
Taken                                            ,        45 ,Southern Thanalan
Bigger than Life                                 ,        46 ,Southern Thanalan
Book of Pride                                    ,        46 ,Southern Thanalan
Call Me Mayhaps                                  ,        46 ,Southern Thanalan
Fallen Corpses Writhe in Style                   ,        46 ,Southern Thanalan
Full of Rigor Mortis                             ,        46 ,Southern Thanalan
"Tempered, Tempered"                             ,        46 ,Southern Thanalan
An Inconvenient Truth                            ,        48 ,Southern Thanalan
Diamond in the Rough                             ,        48 ,Southern Thanalan
Future Shock                                     ,        48 ,Southern Thanalan
He's a Firestarter                               ,        48 ,Southern Thanalan
Gyve Talk                                        ,        49 ,Southern Thanalan
Hunters and the Hunted                           ,        49 ,Southern Thanalan
Quenching the Flame                              ,        49 ,Southern Thanalan
Return to Cinder                                 ,        49 ,Southern Thanalan
Spark off the Bench                              ,        49 ,Southern Thanalan
Boom Goes the Ceruleum                           ,        49 ,Northern Thanalan
Core Blimey                                      ,        49 ,Northern Thanalan
Dark Devices - The Bait                          ,        49 ,Northern Thanalan
Dark Devices - The End                           ,        49 ,Northern Thanalan
Dark Devices - The Plea                          ,        49 ,Northern Thanalan
Dark Devices - The Switch                        ,        49 ,Northern Thanalan
East Meets Worst                                 ,        49 ,Northern Thanalan
"Go, Go, Gorgimera"                              ,        49 ,Northern Thanalan
Just a Sip                                       ,        49 ,Northern Thanalan
Knock on Steel                                   ,        49 ,Northern Thanalan
Reverse Engineering                              ,        49 ,Northern Thanalan
The Ceruleum Road                                ,        49 ,Northern Thanalan
The Red Baron                                    ,        49 ,Northern Thanalan
Twinkle Twinkle Little Trap                      ,        49 ,Northern Thanalan
Under the Nails                                  ,        49 ,Northern Thanalan
With One Eye Open                                ,        49 ,Northern Thanalan
A Log Up                                         ,        35 ,Coerthas Central Highlands
Gavial (FATE)                                    ,        35 ,Coerthas Central Highlands
Twelve Ilms of Snow                              ,        35 ,Coerthas Central Highlands
Baa Baa Black Sheep                              ,        36 ,Coerthas Central Highlands
Croc-y Road                                      ,        36 ,Coerthas Central Highlands
Whiteout                                         ,        36 ,Coerthas Central Highlands
Wish Upon a Star                                 ,        36 ,Coerthas Central Highlands
A Fire in the Distance                           ,        37 ,Coerthas Central Highlands
Coming to a Head                                 ,        37 ,Coerthas Central Highlands
Simply Red                                       ,        38 ,Coerthas Central Highlands
"Spring Forward, Fall Back"                      ,        38 ,Coerthas Central Highlands
Svara's Fall                                     ,        38 ,Coerthas Central Highlands
Svara's Fear                                     ,        38 ,Coerthas Central Highlands
Svara's Flight                                   ,        38 ,Coerthas Central Highlands
Svara's Fury                                     ,        38 ,Coerthas Central Highlands
The Grey                                         ,        38 ,Coerthas Central Highlands
A Freeze Is Coming                               ,        39 ,Coerthas Central Highlands
Bellyful                                         ,        39 ,Coerthas Central Highlands
Judge Jury and Executioner                       ,        39 ,Coerthas Central Highlands
Roc of Ages                                      ,        39 ,Coerthas Central Highlands
The Eyes Have It (FATE)                          ,        39 ,Coerthas Central Highlands
Front and Center                                 ,        40 ,Coerthas Central Highlands
Giant Seps                                       ,        40 ,Coerthas Central Highlands
If This Wall Could Talk                          ,        40 ,Coerthas Central Highlands
Riddle Me This                                   ,        40 ,Coerthas Central Highlands
The Taste of Fear                                ,        40 ,Coerthas Central Highlands
In the Saint's Wake                              ,        45 ,Coerthas Central Highlands
Tower of Power                                   ,        45 ,Coerthas Central Highlands
The Bigger They Are                              ,        46 ,Coerthas Central Highlands
Turn Off Your Hearthlight                        ,        47 ,Coerthas Central Highlands
What's On Your Mind                              ,        47 ,Coerthas Central Highlands
Does Anyone Hear It                              ,        48 ,Coerthas Central Highlands
Inspector Hatchet                                ,        49 ,Coerthas Central Highlands
The Four Winds                                   ,        49 ,Coerthas Central Highlands
The Storm Caller                                 ,        49 ,Coerthas Central Highlands
Behold Now Behemoth                              ,        50 ,Coerthas Central Highlands
He Taketh It with His Eyes                       ,        50 ,Coerthas Central Highlands
A Dung Deal                                      ,        50 ,Coerthas Western Highlands
Apparent Trap                                    ,        50 ,Coerthas Western Highlands
Dawn of the Mylodons                             ,        50 ,Coerthas Western Highlands
Don of the Mylodons                              ,        50 ,Coerthas Western Highlands
Eye in the Sky                                   ,        50 ,Coerthas Western Highlands
Follow the Sleet                                 ,        50 ,Coerthas Western Highlands
Land of the Freeze                               ,        50 ,Coerthas Western Highlands
"No Ifs, Ands, or Butts"                         ,        50 ,Coerthas Western Highlands
Null and Void                                    ,        50 ,Coerthas Western Highlands
"One Whiskey, One Goat, One Spear"               ,        50 ,Coerthas Western Highlands
Panic Rheum                                      ,        50 ,Coerthas Western Highlands
"Run, Riders, Run"                               ,        50 ,Coerthas Western Highlands
"Sugar, Sugar"                                   ,        50 ,Coerthas Western Highlands
What You See Is What You Get                     ,        50 ,Coerthas Western Highlands
Abominable Me                                    ,        51 ,Coerthas Western Highlands
Dishonored                                       ,        51 ,Coerthas Western Highlands
In Command                                       ,        51 ,Coerthas Western Highlands
Pico de Gallows                                  ,        51 ,Coerthas Western Highlands
Requiem for a Dragon                             ,        51 ,Coerthas Western Highlands
Sick Pack                                        ,        51 ,Coerthas Western Highlands
The Polar Express                                ,        51 ,Coerthas Western Highlands
True Convictions                                 ,        51 ,Coerthas Western Highlands
Unsilent Vigil                                   ,        51 ,Coerthas Western Highlands
We Fought a Dzu                                  ,        51 ,Coerthas Western Highlands
A Stihi Situation                                ,        56 ,Coerthas Western Highlands
Sphenopalatine Ganglioneuralgia                  ,        56 ,Coerthas Western Highlands
Good to Be Bud                                   ,        44 ,Mor Dhona
Mud About You                                    ,        44 ,Mor Dhona
V for Vinedetta                                  ,        44 ,Mor Dhona
Among Giants                                     ,        45 ,Mor Dhona
Black and Nburu                                  ,        45 ,Mor Dhona
The Prodigal Son                                 ,        45 ,Mor Dhona
Toll Collector                                   ,        45 ,Mor Dhona
"Another Day, Another Demon"                     ,        46 ,Mor Dhona
Gone with the Shadow                             ,        46 ,Mor Dhona
Home Is Where the Horn Is                        ,        46 ,Mor Dhona
One Giant Leap                                   ,        46 ,Mor Dhona
Standing Guard                                   ,        46 ,Mor Dhona
That's What Adventurers Are For                  ,        46 ,Mor Dhona
Another Notch on the Torch                       ,        48 ,Mor Dhona
A Long Way Down                                  ,        50 ,The Sea of Clouds
Anzu Trois                                       ,        50 ,The Sea of Clouds
Food Fight (FATE)                                ,        50 ,The Sea of Clouds
Leech the Sky                                    ,        50 ,The Sea of Clouds
Mint Condition                                   ,        50 ,The Sea of Clouds
One Turned Over the Cloudkin's Nest              ,        50 ,The Sea of Clouds
Saved the Nests for Last                         ,        50 ,The Sea of Clouds
This Is How We Gundu                             ,        50 ,The Sea of Clouds
Youth Must Be Severed                            ,        50 ,The Sea of Clouds
Bones                                            ,        57 ,The Sea of Clouds
Come to My Window                                ,        57 ,The Sea of Clouds
Hearts Like Steel Fists Like Thunder             ,        57 ,The Sea of Clouds
Leather and Mace                                 ,        57 ,The Sea of Clouds
Obey their Thirst                                ,        57 ,The Sea of Clouds
On Dangerous Ground                              ,        57 ,The Sea of Clouds
The Fugitive                                     ,        57 ,The Sea of Clouds
Zuns on the Run                                  ,        57 ,The Sea of Clouds
A Disturbing Lack of Faith                       ,        59 ,The Sea of Clouds
A Dream Perchance to Eat                         ,        59 ,The Sea of Clouds
Bismarcking Time                                 ,        59 ,The Sea of Clouds
Guano a Mano                                     ,        59 ,The Sea of Clouds
Let There Be Acolytes                            ,        59 ,The Sea of Clouds
Rebel Yehl                                       ,        59 ,The Sea of Clouds
The Sound of Madness                             ,        59 ,The Sea of Clouds
You Eat What You Aren't                          ,        59 ,The Sea of Clouds
A Bug's Death                                    ,        59 ,Azys Lla
A Room Without Books                             ,        59 ,Azys Lla
Curiously Strong Things                          ,        59 ,Azys Lla
Do Spinners Dream of Electric Rooks              ,        59 ,Azys Lla
Harvest Moon (FATE)                              ,        59 ,Azys Lla
Life of Brain                                    ,        59 ,Azys Lla
No Greater Goryshche                             ,        59 ,Azys Lla
Out of Sight Out of Mind                         ,        59 ,Azys Lla
Pet Smart                                        ,        59 ,Azys Lla
Phi Slamma Gamma East                            ,        59 ,Azys Lla
Phi Slamma Gamma South                           ,        59 ,Azys Lla
Phi Slamma Gamma West                            ,        59 ,Azys Lla
Prey Online                                      ,        59 ,Azys Lla
Put the Knives Down                              ,        59 ,Azys Lla
Rampant Speculation                              ,        59 ,Azys Lla
Scared Sylla                                     ,        59 ,Azys Lla
Still Ticking                                    ,        59 ,Azys Lla
The Late Escape                                  ,        59 ,Azys Lla
The Monster Mass                                 ,        59 ,Azys Lla
The Mystery Machine                              ,        59 ,Azys Lla
The Root of Evil                                 ,        59 ,Azys Lla
Yak it Up                                        ,        59 ,Azys Lla
Bear Apparent                                    ,        52 ,The Dravanian Forelands
Birds of a Feather (FATE)                        ,        52 ,The Dravanian Forelands
By the Horns                                     ,        52 ,The Dravanian Forelands
Dead Meat                                        ,        52 ,The Dravanian Forelands
Drone Under                                      ,        52 ,The Dravanian Forelands
Glawackus On Glawackus Off                       ,        52 ,The Dravanian Forelands
Ladies First                                     ,        52 ,The Dravanian Forelands
Long Live the Coeurl                             ,        52 ,The Dravanian Forelands
Nothing but the Truth                            ,        52 ,The Dravanian Forelands
Run Run Away (FATE)                              ,        52 ,The Dravanian Forelands
The Migas Touch                                  ,        52 ,The Dravanian Forelands
The Rite Stuff                                   ,        52 ,The Dravanian Forelands
The Whole Truth                                  ,        52 ,The Dravanian Forelands
Who's the Moss                                   ,        52 ,The Dravanian Forelands
Cerf's Up                                        ,        53 ,The Dravanian Forelands
El Miacid                                        ,        53 ,The Dravanian Forelands
Elephant in the Brume                            ,        53 ,The Dravanian Forelands
Hearing Voices                                   ,        53 ,The Dravanian Forelands
Special Tarasque Force                           ,        53 ,The Dravanian Forelands
Stamp the Yard                                   ,        53 ,The Dravanian Forelands
The Mourning After                               ,        53 ,The Dravanian Forelands
Coeurls Chase Boys                               ,        57 ,The Dravanian Forelands
Come to My Arms                                  ,        57 ,The Dravanian Forelands
Ware the Maiden Fair                             ,        57 ,The Dravanian Forelands
Coeurls Chase Boys Chase Coeurls                 ,        60 ,The Dravanian Forelands
Aevis Has Left the Building                      ,        54 ,The Churning Mists
Ain't Misbehaving                                ,        54 ,The Churning Mists
Asah I Came I Conquered                          ,        54 ,The Churning Mists
Corporal Pomishment                              ,        54 ,The Churning Mists
End of the Rainbow                               ,        54 ,The Churning Mists
Glycon Air                                       ,        54 ,The Churning Mists
How to Cane Your Dragon                          ,        54 ,The Churning Mists
It's the Moogle Reinvented                       ,        54 ,The Churning Mists
Mogicide                                         ,        54 ,The Churning Mists
Say it Tulihand                                  ,        54 ,The Churning Mists
Sprite Club                                      ,        54 ,The Churning Mists
Supper Time                                      ,        54 ,The Churning Mists
The Nuts                                         ,        54 ,The Churning Mists
Vouivre Believre                                 ,        54 ,The Churning Mists
Waugyl Waugyl Waugyl                             ,        54 ,The Churning Mists
Wave Good-bye                                    ,        54 ,The Churning Mists
Whole Food                                       ,        54 ,The Churning Mists
Coin Toss                                        ,        55 ,The Churning Mists
Darkscale Descendeth                             ,        55 ,The Churning Mists
Darkscale Devoureth                              ,        55 ,The Churning Mists
Darkscale Disappeareth                           ,        55 ,The Churning Mists
From Dusk Till Gone                              ,        55 ,The Churning Mists
Infamous                                         ,        55 ,The Churning Mists
Rastaban Vibration                               ,        55 ,The Churning Mists
Treehouse of the Spirits                         ,        55 ,The Churning Mists
Waiting for Fjalar to Stall                      ,        55 ,The Churning Mists
As the World Burns                               ,        56 ,The Churning Mists
Don't Know Wyvern                                ,        56 ,The Churning Mists
Vedrfolnir Devoteth                              ,        56 ,The Churning Mists
Dobharch Did It for the Best                     ,        58 ,The Dravanian Hinterlands
"Feed Me, See More"                              ,        58 ,The Dravanian Hinterlands
Gets the Red Out                                 ,        58 ,The Dravanian Hinterlands
Infant Vangob                                    ,        58 ,The Dravanian Hinterlands
Metal Gears Revengeance                          ,        58 ,The Dravanian Hinterlands
Metal Gears Revengeance 2                        ,        58 ,The Dravanian Hinterlands
Metal Gears Rising                               ,        58 ,The Dravanian Hinterlands
Olympus Has Pollen                               ,        58 ,The Dravanian Hinterlands
On Melancholic Hill                              ,        58 ,The Dravanian Hinterlands
Out of the Woodwork                              ,        58 ,The Dravanian Hinterlands
Pop Goes the Whizzle                             ,        58 ,The Dravanian Hinterlands
Ratel and Hum                                    ,        58 ,The Dravanian Hinterlands
Revenge of the Vengeful Revengeance              ,        58 ,The Dravanian Hinterlands
Silkworm (FATE)                                  ,        58 ,The Dravanian Hinterlands
Sun Bear Sun Bear What Do You Eat                ,        58 ,The Dravanian Hinterlands
Tarantula Hawk Pro Stinger                       ,        58 ,The Dravanian Hinterlands
The Bear Up There                                ,        58 ,The Dravanian Hinterlands
The Birds and the Bears                          ,        58 ,The Dravanian Hinterlands
Tome Raider                                      ,        58 ,The Dravanian Hinterlands
Toss 'Em Back                                    ,        58 ,The Dravanian Hinterlands
Wild Wilde Death                                 ,        58 ,The Dravanian Hinterlands
Cockatrice Block                                 ,        59 ,The Dravanian Hinterlands
Come Shells or High Water                        ,        59 ,The Dravanian Hinterlands
Frog Days of Summer                              ,        59 ,The Dravanian Hinterlands
How Do You Feed a Hungry Manlike Monster         ,        59 ,The Dravanian Hinterlands
Makes the Very Best...Nests                      ,        59 ,The Dravanian Hinterlands
Morbol Man                                       ,        59 ,The Dravanian Hinterlands
Poroggo Stuck                                    ,        59 ,The Dravanian Hinterlands
Toad Alone                                       ,        59 ,The Dravanian Hinterlands
Bold This Way                                    ,        60 ,The Fringes
Death Beckons                                    ,        60 ,The Fringes
Dizzy Miss Grizzly                               ,        60 ,The Fringes
Double Dhara                                     ,        60 ,The Fringes
Keeping More Peace                               ,        60 ,The Fringes
Keeping the Peace                                ,        60 ,The Fringes
Roid Rage                                        ,        60 ,The Fringes
Showing The Officers What For                    ,        60 ,The Fringes
Showing The Recruits What For                    ,        60 ,The Fringes
Showing the Commanders What For                  ,        60 ,The Fringes
Thank You for Not Mossling                       ,        60 ,The Fringes
Unbearable                                       ,        60 ,The Fringes
Diakka Round                                     ,        61 ,The Fringes
The Evil Seed                                    ,        61 ,The Fringes
The Mail Must Get Through                        ,        61 ,The Fringes
The Morning After                                ,        61 ,The Fringes
The Secret Life of Plants                        ,        61 ,The Fringes
The Spiderweb Chronicles                         ,        61 ,The Fringes
"Yes, This Is Dogs"                              ,        61 ,The Fringes
A Pain in the Neck                               ,        67 ,The Fringes
Ananta and Her Sisters                           ,        67 ,The Fringes
Flappy Berda                                     ,        67 ,The Fringes
Get Sharp                                        ,        67 ,The Fringes
M Bop                                            ,        67 ,The Fringes
Pop the Trunk                                    ,        67 ,The Fringes
Raisin' Hell                                     ,        67 ,The Fringes
Really Don't Keratyrannos                        ,        67 ,The Fringes
The Antlion's Share (FATE)                       ,        67 ,The Fringes
The Tele-tale Hunt                               ,        67 ,The Fringes
A Bone to Pick (FATE)                            ,        60 ,The Peaks
A New Leaf (FATE)                                ,        60 ,The Peaks
And the Bandits Played On                        ,        60 ,The Peaks
Attack of the Groans                             ,        60 ,The Peaks
Beat Boxes                                       ,        60 ,The Peaks
Child's Plague                                   ,        60 ,The Peaks
Churlish Chapuli                                 ,        60 ,The Peaks
Das Bhoot                                        ,        60 ,The Peaks
Days of Fluturini Past                           ,        60 ,The Peaks
Down with the Sickness                           ,        60 ,The Peaks
Moth to a Flame                                  ,        60 ,The Peaks
Of Mice and Men                                  ,        60 ,The Peaks
Resist Die Repeat                                ,        60 ,The Peaks
Salad Days (FATE)                                ,        60 ,The Peaks
Venting                                          ,        60 ,The Peaks
Winging It                                       ,        60 ,The Peaks
Barbershoppe                                     ,        61 ,The Peaks
Diceman Cometh                                   ,        61 ,The Peaks
Stuck in the Muud                                ,        61 ,The Peaks
You Don't Know Jack                              ,        61 ,The Peaks
5-year Energy                                    ,        68 ,The Peaks
Breakneck                                        ,        68 ,The Peaks
Eat Big or Go Home                               ,        68 ,The Peaks
Fletching Returns                                ,        68 ,The Peaks
Forget-me-not                                    ,        68 ,The Peaks
Home on the Range                                ,        68 ,The Peaks
"Love Me, Tindalos"                              ,        68 ,The Peaks
Mouth For Water                                  ,        68 ,The Peaks
Rattle and Humbaba                               ,        68 ,The Peaks
Slaughterwife-five                               ,        68 ,The Peaks
The Day of the Griffins                          ,        68 ,The Peaks
The Magitek Is Back                              ,        68 ,The Peaks
About Face                                       ,        69 ,The Lochs
Ancelot's Fear                                   ,        69 ,The Lochs
Ancelot's Finale                                 ,        69 ,The Lochs
Ancelot's Folly                                  ,        69 ,The Lochs
Dive In                                          ,        69 ,The Lochs
"Dude, Where's My Karya"                         ,        69 ,The Lochs
Dusk Till Abaddon                                ,        69 ,The Lochs
Enemy Territory                                  ,        69 ,The Lochs
Fate No Morpho                                   ,        69 ,The Lochs
Foul Bachelor Frogamander                        ,        69 ,The Lochs
Give Bees a Chance                               ,        69 ,The Lochs
I Can Feel the Earth Move                        ,        69 ,The Lochs
Kingsgrave                                       ,        69 ,The Lochs
Lalla Land                                       ,        69 ,The Lochs
Mazeless Runner                                  ,        69 ,The Lochs
Minotaurs on My Mind                             ,        69 ,The Lochs
No Time Is a Good Time                           ,        69 ,The Lochs
"OK, Golem"                                      ,        69 ,The Lochs
Off Their Yabby                                  ,        69 ,The Lochs
Old Bucket of Boruta                             ,        69 ,The Lochs
One Bad Mother Chukwa                            ,        69 ,The Lochs
Par for the Course                               ,        69 ,The Lochs
Pounding Salt                                    ,        69 ,The Lochs
Sip When I'm Dead                                ,        69 ,The Lochs
Sisyphus Cooling                                 ,        69 ,The Lochs
Sob Story                                        ,        69 ,The Lochs
Taking Kurrea Business                           ,        69 ,The Lochs
Tall Tale                                        ,        69 ,The Lochs
Tellus a Tale                                    ,        69 ,The Lochs
The Smell That Leeched Her Heart                 ,        69 ,The Lochs
To Leech His Own                                 ,        69 ,The Lochs
When It Pains It Pours                           ,        69 ,The Lochs
Who's Phoebad                                    ,        69 ,The Lochs
Yabby Hunters                                    ,        69 ,The Lochs
A Horse Outside                                  ,        70 ,The Lochs
Agni's Philosophy                                ,        62 ,The Ruby Sea
Another One Bites The Dust                       ,        62 ,The Ruby Sea
Bilge-hold Jin                                   ,        62 ,The Ruby Sea
Clean Bill of Health                             ,        62 ,The Ruby Sea
Crab Mentality                                   ,        62 ,The Ruby Sea
Days of Plunder                                  ,        62 ,The Ruby Sea
Forever Younglier                                ,        62 ,The Ruby Sea
Jumping the Shark                                ,        62 ,The Ruby Sea
Never Say Daimyo                                 ,        62 ,The Ruby Sea
Pool Party                                       ,        62 ,The Ruby Sea
Princess Princess                                ,        62 ,The Ruby Sea
Raise the Red Flag                               ,        62 ,The Ruby Sea
Ranging Bull                                     ,        62 ,The Ruby Sea
Ray Band                                         ,        62 ,The Ruby Sea
Soak Up the Sun                                  ,        62 ,The Ruby Sea
The Big Banquet Theory                           ,        62 ,The Ruby Sea
The Coral High Ground                            ,        62 ,The Ruby Sea
The F-bomb                                       ,        62 ,The Ruby Sea
Turtle Power                                     ,        62 ,The Ruby Sea
Uncivil Serpents                                 ,        62 ,The Ruby Sea
Wet                                              ,        62 ,The Ruby Sea
Double Dream Clams                               ,        63 ,The Ruby Sea
Independence Ray                                 ,        63 ,The Ruby Sea
Kill the Messenger (FATE)                        ,        63 ,The Ruby Sea
Lay of the Lang                                  ,        63 ,The Ruby Sea
Quoth The Raven                                  ,        63 ,The Ruby Sea
Red Cliff                                        ,        63 ,The Ruby Sea
Sailor Marooned                                  ,        63 ,The Ruby Sea
There Be Dragonflies                             ,        63 ,The Ruby Sea
Treasure Island                                  ,        63 ,The Ruby Sea
A Fish to Fry                                    ,        64 ,Yanxia
"A Tisket, A Tasket"                             ,        64 ,Yanxia
Dead To Rites: Kiyofusa                          ,        64 ,Yanxia
Dead To Rites: Koja                              ,        64 ,Yanxia
Deep Red Sea                                     ,        64 ,Yanxia
Falling Drown                                    ,        64 ,Yanxia
Footing the Bills                                ,        64 ,Yanxia
Freedom Flies                                    ,        64 ,Yanxia
Get Ready For a Nu Wave                          ,        64 ,Yanxia
In One Basket                                    ,        64 ,Yanxia
Killer Apsaras                                   ,        64 ,Yanxia
Leave the Meters Running                         ,        64 ,Yanxia
Linquan Continental                              ,        64 ,Yanxia
"Long Hands, Long Fingers"                       ,        64 ,Yanxia
Motherly Love                                    ,        64 ,Yanxia
Oneblade Wonder                                  ,        64 ,Yanxia
Raze the Red Lantern                             ,        64 ,Yanxia
Rice and Shine                                   ,        64 ,Yanxia
Stay of Eggsecution                              ,        64 ,Yanxia
The Long and Rhino Road                          ,        64 ,Yanxia
The Virgin Homicides                             ,        64 ,Yanxia
"This Is a Da, This Is a Peng"                   ,        64 ,Yanxia
Tiger Need                                       ,        64 ,Yanxia
To Catch a Weasel                                ,        64 ,Yanxia
Tsurubebi Snugly                                 ,        64 ,Yanxia
Crying Wolves                                    ,        67 ,Yanxia
Curiosity Killed the Catfish                     ,        67 ,Yanxia
Goodwill Hunterling                              ,        67 ,Yanxia
Mada's Ilk                                       ,        67 ,Yanxia
Mister Whiskers                                  ,        67 ,Yanxia
More to Offer                                    ,        67 ,Yanxia
Outfoxed                                         ,        67 ,Yanxia
Ragoh To Extremes                                ,        67 ,Yanxia
Scared Straightheart                             ,        67 ,Yanxia
Tora Tora Tora                                   ,        67 ,Yanxia
Trs Bian                                        ,        67 ,Yanxia
Wolves of a Feather                              ,        67 ,Yanxia
Foxy Lady                                        ,        70 ,Yanxia
A Good Day To Die                                ,        65 ,The Azim Steppe
A Tall Order                                     ,        65 ,The Azim Steppe
A Walk Through the Valley                        ,        65 ,The Azim Steppe
Duck and Cover                                   ,        65 ,The Azim Steppe
Eat You Better                                   ,        65 ,The Azim Steppe
Good Day to Mate                                 ,        65 ,The Azim Steppe
Hook Line and Stinker                            ,        65 ,The Azim Steppe
Killing Dzo                                      ,        65 ,The Azim Steppe
Live for the Mettle                              ,        65 ,The Azim Steppe
Man to Mangas                                    ,        65 ,The Azim Steppe
More than You Chaochu                            ,        65 ,The Azim Steppe
Not Just a Tribute                               ,        65 ,The Azim Steppe
Purbol Reign                                     ,        65 ,The Azim Steppe
Rock for Food                                    ,        65 ,The Azim Steppe
The Dataqi Chronicles: Decimation                ,        65 ,The Azim Steppe
The Dataqi Chronicles: Declarations              ,        65 ,The Azim Steppe
The Dataqi Chronicles: Departures                ,        65 ,The Azim Steppe
The Dataqi Chronicles: Deprivation               ,        65 ,The Azim Steppe
The Dataqi Chronicles: Desperation               ,        65 ,The Azim Steppe
The Dataqi Chronicles: Deterrence                ,        65 ,The Azim Steppe
The Dataqi Chronicles: Diplomacy                 ,        65 ,The Azim Steppe
The Dataqi Chronicles: Displacement              ,        65 ,The Azim Steppe
The Dataqi Chronicles: Distractions              ,        65 ,The Azim Steppe
The Dataqi Chronicles: Distress                  ,        65 ,The Azim Steppe
The Dataqi Chronicles: Divergence                ,        65 ,The Azim Steppe
The Dataqi Chronicles: Dominion                  ,        65 ,The Azim Steppe
The Dataqi Chronicles: Duty                      ,        65 ,The Azim Steppe
The State of Reunion                             ,        65 ,The Azim Steppe
They Shall Not Want                              ,        65 ,The Azim Steppe
"Wham, Bam, Thank You, Mammoth"                  ,        65 ,The Azim Steppe
Wooly Boys                                       ,        65 ,The Azim Steppe
Burn After Evening                               ,        66 ,The Azim Steppe
Buzzkill                                         ,        66 ,The Azim Steppe
Cold Comes the Wind                              ,        66 ,The Azim Steppe
Don't You Mean Kirata                            ,        66 ,The Azim Steppe
Feel the Noise                                   ,        66 ,The Azim Steppe
Fired                                            ,        66 ,The Azim Steppe
Get Out The Vochu                                ,        66 ,The Azim Steppe
Hat's Off                                        ,        66 ,The Azim Steppe
Hey Manzasiri                                    ,        66 ,The Azim Steppe
Khan Artist                                      ,        66 ,The Azim Steppe
Razing the Baras                                 ,        66 ,The Azim Steppe
The Fangover                                     ,        66 ,The Azim Steppe
A Beast among Men                                ,        71 ,Lakeland
Behind Anemone Lines                             ,        71 ,Lakeland
Calm a Chameleon                                 ,        71 ,Lakeland
Creeping Nightshade                              ,        71 ,Lakeland
Cry Not Wolf                                     ,        71 ,Lakeland
Deadly Nightshade                                ,        71 ,Lakeland
Don't Feed the Gremlins                          ,        71 ,Lakeland
Draconian Measures                               ,        71 ,Lakeland
Economic Peril                                   ,        71 ,Lakeland
Flowering Nightshade                             ,        71 ,Lakeland
Little Gate of Horrors                           ,        71 ,Lakeland
Looming Nightshade                               ,        71 ,Lakeland
Pick-up Sticks                                   ,        71 ,Lakeland
Subtle Nightshade                                ,        71 ,Lakeland
Toxic Nightshade                                 ,        71 ,Lakeland
Bitter Barley                                    ,        70 ,Kholusia
JELL-NO                                          ,        70 ,Kholusia
One-punch Mantis                                 ,        70 ,Kholusia
Roadside Dinner                                  ,        70 ,Kholusia
Shadow Over Stilltide                            ,        70 ,Kholusia
The Wright Stuff                                 ,        70 ,Kholusia
A Family Most Formidable                         ,        78 ,Kholusia
Foes Most Formidable                             ,        78 ,Kholusia
Ironbeard Builders - Rebuilt                     ,        78 ,Kholusia
Ironbeard Builders - Resist                      ,        78 ,Kholusia
Ironbeard Builders - Revolt                      ,        78 ,Kholusia
Knockout                                         ,        78 ,Kholusia
Not Today (FATE)                                 ,        78 ,Kholusia
Season of Our Discord                            ,        78 ,Kholusia
The Amity Village Horror                         ,        78 ,Kholusia
A Finale Most Formidable                         ,        80 ,Kholusia
Bear Necessities                                 ,        72 ,Il Mheg
Hedge Mazed                                      ,        72 ,Il Mheg
Locus Terribilis                                 ,        72 ,Il Mheg
Mad Magic                                        ,        72 ,Il Mheg
Once Upon a Time                                 ,        72 ,Il Mheg
Thrice Upon a Time                               ,        72 ,Il Mheg
Twice Upon a Time                                ,        72 ,Il Mheg
Weave 'Em and Weep                               ,        72 ,Il Mheg
Back and Fuath                                   ,        73 ,Il Mheg
Breaking the Fuath Wall                          ,        73 ,Il Mheg
Brute Fuath                                      ,        73 ,Il Mheg
Frog Standard                                    ,        73 ,Il Mheg
Fuath of Habit                                   ,        73 ,Il Mheg
Fuath to Be Reckoned With                        ,        73 ,Il Mheg
Go Fuath a Conqueror                             ,        73 ,Il Mheg
Great Daens                                      ,        73 ,Il Mheg
Bayawak Attack                                   ,        70 ,Amh Araeng
Cactus Makes Perfect                             ,        70 ,Amh Araeng
Harbingers of Bloom                              ,        70 ,Amh Araeng
Pray Destroy the Waking Sands                    ,        70 ,Amh Araeng
Reptilian Roadblock                              ,        70 ,Amh Araeng
Scavengers Hunted                                ,        70 ,Amh Araeng
Theft from Above                                 ,        70 ,Amh Araeng
Tolba No. 1                                      ,        70 ,Amh Araeng
Armadillo Peccadillo                             ,        76 ,Amh Araeng
Baddie Longlegs                                  ,        76 ,Amh Araeng
Bloody Simple                                    ,        76 ,Amh Araeng
Let's Dance (with Swords)                        ,        76 ,Amh Araeng
Sand and Deliver                                 ,        76 ,Amh Araeng
The Elderblade                                   ,        76 ,Amh Araeng
This Time It's Personal                          ,        76 ,Amh Araeng
Anti-eruption Measures                           ,        77 ,Amh Araeng
The Odd Couple                                   ,        77 ,Amh Araeng
Attack of the Killer Tomatl                      ,        74 ,The Rak'tika Greatwood
Dark Matters                                     ,        74 ,The Rak'tika Greatwood
I'll Be Bark                                     ,        74 ,The Rak'tika Greatwood
Picking up the Pieces                            ,        74 ,The Rak'tika Greatwood
Six Fulm Turkeys                                 ,        74 ,The Rak'tika Greatwood
We Are Venom                                     ,        74 ,The Rak'tika Greatwood
Attack the Block                                 ,        75 ,The Rak'tika Greatwood
Barking Mad                                      ,        75 ,The Rak'tika Greatwood
Creepy Crawlers                                  ,        75 ,The Rak'tika Greatwood
Monkeying Around                                 ,        75 ,The Rak'tika Greatwood
Nest of Kin                                      ,        75 ,The Rak'tika Greatwood
Pluck of the Draw                                ,        75 ,The Rak'tika Greatwood
Queen of the Harpies                             ,        75 ,The Rak'tika Greatwood
Shot Through the Hart                            ,        75 ,The Rak'tika Greatwood
The End of the Sentry                            ,        75 ,The Rak'tika Greatwood
Tojil Annihilation                               ,        75 ,The Rak'tika Greatwood
Tojil Carnage                                    ,        75 ,The Rak'tika Greatwood
Tojil Eclipse                                    ,        75 ,The Rak'tika Greatwood
Tojil War                                        ,        75 ,The Rak'tika Greatwood
A Lot to Swallow                                 ,        79 ,The Tempest
Coral Support                                    ,        79 ,The Tempest
Hydrozoan of the Enders                          ,        79 ,The Tempest
Lookin' Back on the Track                        ,        79 ,The Tempest
Low Coral Fiber                                  ,        79 ,The Tempest
My Friend's Enemy is Anemone of Mine             ,        79 ,The Tempest
Natural Prawn Killers                            ,        79 ,The Tempest
Nothing Like a Trappin' Life                     ,        79 ,The Tempest
Ondo of Blood                                    ,        79 ,The Tempest
Pearls Apart                                     ,        79 ,The Tempest
The Devil in the Deep Blue Sea                   ,        79 ,The Tempest
The Nets Best Thing                              ,        79 ,The Tempest
The Seashells He Sells                           ,        79 ,The Tempest
Where Has the Dagon                              ,        79 ,The Tempest
The Head the Tail the Whole Damned Thing         ,        80 ,The Tempest
Bite the Pellet                                  ,        80 ,Labyrinthos
Homecrawling                                     ,        80 ,Labyrinthos
Incident Files: Seeds of Chaos                   ,        80 ,Labyrinthos
Let It Grow                                      ,        80 ,Labyrinthos
Acid in Flight Shepherd's Fright                 ,        81 ,Labyrinthos
Breakfast Lunch and Dinner                       ,        81 ,Labyrinthos
Incident Files: Steamed Vegetable                ,        81 ,Labyrinthos
The Hills Are Alive                              ,        81 ,Labyrinthos
Incident Files: Elemental Attraction             ,        85 ,Labyrinthos
Incident Files: Ice of the Tiger                 ,        85 ,Labyrinthos
Empty the Nest                                   ,        88 ,Labyrinthos
Moisture Farming                                 ,        88 ,Labyrinthos
Residual Complications                           ,        88 ,Labyrinthos
Sheaves on the Wind                              ,        88 ,Labyrinthos
The Frailty of Life                              ,        88 ,Labyrinthos
Wasted XIV                                       ,        88 ,Labyrinthos
Full Petal Alchemist: Perilous Pickings          ,        80 ,Thavnair
Full Petal Alchemist: Risky Return               ,        80 ,Thavnair
Shiver and Shock                                 ,        80 ,Thavnair
The Accursed Kanabhuti                           ,        80 ,Thavnair
When Gaja Go Gaga                                ,        80 ,Thavnair
I Am the Valras                                  ,        81 ,Thavnair
Of Claws and Gall                                ,        81 ,Thavnair
The Little Nanka That Could                      ,        81 ,Thavnair
Devout Pilgrims vs. the Apalala                  ,        85 ,Thavnair
Devout Pilgrims vs. the Jungle Lizards           ,        85 ,Thavnair
Mesmerizing Moths                                ,        85 ,Thavnair
Monkeys on Your Back                             ,        85 ,Thavnair
Peek-a-Bhujamga                                  ,        85 ,Thavnair
Return of the Tyrant                             ,        85 ,Thavnair
Stalkers in the Shroud                           ,        85 ,Thavnair
Swipe Eft                                        ,        85 ,Thavnair
Devout Pilgrims vs. Daivadipa                    ,        90 ,Thavnair
A Snowball's Chance                              ,        82 ,Garlemald
Amazing Crates                                   ,        82 ,Garlemald
Artificial Malevolence: 15 Minutes to Comply     ,        82 ,Garlemald
Artificial Malevolence: The Drone Army           ,        82 ,Garlemald
Nettle Gear Solid                                ,        82 ,Garlemald
Not Yeti                                         ,        82 ,Garlemald
Roses Are Red Violence Is Due                    ,        82 ,Garlemald
Trespassers Will Be Eaten                        ,        82 ,Garlemald
A Bit of a Problem                               ,        83 ,Garlemald
Artificial Malevolence: Mighty Metatron          ,        83 ,Garlemald
Artificial Malevolence: Unmanned Aerial Villains ,        83 ,Garlemald
Exterminate Exterminate                          ,        83 ,Garlemald
Parts Unknown                                    ,        83 ,Garlemald
Rocker Roller Out-of-controller                  ,        83 ,Garlemald
Stray Dog Strut                                  ,        83 ,Garlemald
The Man with the Golden Son                      ,        83 ,Garlemald
Cactus What You Preach                           ,        83 ,Mare Lamentorum
Droids Gone Wild                                 ,        83 ,Mare Lamentorum
Mantids on the Moon                              ,        83 ,Mare Lamentorum
One Giant Weep                                   ,        83 ,Mare Lamentorum
The Stones of Silence                            ,        83 ,Mare Lamentorum
The Strolling Stones                             ,        83 ,Mare Lamentorum
Head Empty Only Thoughts                         ,        84 ,Mare Lamentorum
Hunger Strikes                                   ,        84 ,Mare Lamentorum
Lepus Lamentorum: Cleaner Catastrophe            ,        84 ,Mare Lamentorum
Lepus Lamentorum: Crazy Contraption              ,        84 ,Mare Lamentorum
Lepus Lamentorum: Dynamite Disaster              ,        84 ,Mare Lamentorum
Scrapping the Scrapers                           ,        84 ,Mare Lamentorum
Taking Care of the Caretakers                    ,        84 ,Mare Lamentorum
Tech Support Cull                                ,        84 ,Mare Lamentorum
What a Thrill                                    ,        84 ,Mare Lamentorum
Butterfly Kisses of Death                        ,        86 ,Elpis
Drawing the Thunderstroke                        ,        86 ,Elpis
Grand Designs: Aigokeros                         ,        86 ,Elpis
Grand Designs: Io                                ,        86 ,Elpis
Nature's Staunch Protector                       ,        86 ,Elpis
Ophion-mania                                     ,        86 ,Elpis
The Rustling of Murderous Leaves                 ,        86 ,Elpis
You Hurt My Researcher Prepare to Die            ,        86 ,Elpis
Bad Breath in Paradise (Removed)                 ,        87 ,Elpis
Eurydike: All Bark No Bite                       ,        87 ,Elpis
Grand Designs: The Newest of New                 ,        87 ,Elpis
Grand Designs: Unknown Execution                 ,        87 ,Elpis
King of the Hill                                 ,        87 ,Elpis
So Sorry Sokles                                  ,        87 ,Elpis
There's a Snake in My Water Supply!              ,        87 ,Elpis
Why Did It Have to Be Medusae?                   ,        87 ,Elpis
(No) Wind beneath Our Wings                      ,        89 ,Ultima Thule
Beacons of Lost Hope                             ,        89 ,Ultima Thule
Dead Inside                                      ,        89 ,Ultima Thule
Fallen from Grace                                ,        89 ,Ultima Thule
Far from the Madding Horde                       ,        89 ,Ultima Thule
Nevermore                                        ,        89 ,Ultima Thule
Omicron Recall: Comms Expansion                  ,        89 ,Ultima Thule
Omicron Recall: Secure Connection                ,        89 ,Ultima Thule
Only Just Begun                                  ,        89 ,Ultima Thule
Sound and Fury                                   ,        89 ,Ultima Thule
Staring into the Void                            ,        89 ,Ultima Thule
Wings of Glory                                   ,        89 ,Ultima Thule
Omicron Recall: Killing Order                    ,        90 ,Ultima Thule
A Twist of Fte                                  ,         1 ,The Firmament
Made of Softer Stuff                             ,         1 ,The Firmament
Shear-a-Yak                                      ,         1 ,The Firmament
Toy Hunter                                       ,         1 ,The Firmament
Presents of Mind                                 ,         1 ,The Firmament
Fire Suppression                                 ,        90 ,Urqopacha
Panaq Attack                                     ,        90 ,Urqopacha
Ratels So Ravenous                               ,        90 ,Urqopacha
Birds Up                                         ,        91 ,Urqopacha
Megamaguey Mayhem                                ,        91 ,Urqopacha
Pasture Expiration Date                          ,        91 ,Urqopacha
Too Irate to Migrate                             ,        91 ,Urqopacha
Weeding the Garden                               ,        91 ,Urqopacha
Wolf Parade                                      ,        91 ,Urqopacha
A Valiant Duel                                   ,        93 ,Urqopacha
Big Storm Coming                                 ,        93 ,Urqopacha
By Your Powers Combined                          ,        93 ,Urqopacha
Claws and Effect                                 ,        93 ,Urqopacha
Gust Stop Already                                ,        93 ,Urqopacha
Lay Off the Horns                                ,        93 ,Urqopacha
Salty Showdown                                   ,        93 ,Urqopacha
So Long Suckers                                  ,        93 ,Urqopacha
Young Volcanoes                                  ,        93 ,Urqopacha
Combing the Area                                 ,        90 ,Kozama'uka
Crocs of the Creek                               ,        90 ,Kozama'uka
Reeds in Need                                    ,        90 ,Kozama'uka
There's Always a Bigger Beast                    ,        90 ,Kozama'uka
This Kills the Craklaw                           ,        90 ,Kozama'uka
Feathery Dustup                                  ,        91 ,Kozama'uka
The Pama-yawa Dilemma                            ,        91 ,Kozama'uka
Toucalibri at That Game                          ,        91 ,Kozama'uka
Bandit Tax Paid in Full                          ,        92 ,Kozama'uka
Borne on the Backs of Burrowers                  ,        92 ,Kozama'uka
Caphunter Mushroom Muncher                       ,        92 ,Kozama'uka
Mole Patrol                                      ,        92 ,Kozama'uka
Putting the Fun in Fungicide                     ,        92 ,Kozama'uka
Ruffling Feathers                                ,        92 ,Kozama'uka
Sayona Your Prayers                              ,        92 ,Kozama'uka
Sting Operation                                  ,        92 ,Kozama'uka
Tax Dodging                                      ,        92 ,Kozama'uka
Tegu or Not Tegu                                 ,        92 ,Kozama'uka
Could've Found Something Bigger                  ,        94 ,Yak T'el
Escape Shroom                                    ,        94 ,Yak T'el
Fright or Flight                                 ,        94 ,Yak T'el
I Ain't Afraid of No Ghost                       ,        94 ,Yak T'el
La Selva se lo Llev                             ,        94 ,Yak T'el
Moths Are Tough                                  ,        94 ,Yak T'el
My Star                                          ,        94 ,Yak T'el
Najool of Denial                                 ,        94 ,Yak T'el
Porting Is Such Sweet Sorrow                     ,        94 ,Yak T'el
Sick Ornery Wivres                               ,        94 ,Yak T'el
Stabbing Gutward                                 ,        94 ,Yak T'el
Stick it to the Mantis                           ,        94 ,Yak T'el
The Departed                                     ,        94 ,Yak T'el
The Fruit of the Problem                         ,        94 ,Yak T'el
The Spawning                                     ,        94 ,Yak T'el
Trial by Firedance                               ,        94 ,Yak T'el
Claw and Order                                   ,        95 ,Shaaloani
Dhara Dared                                      ,        95 ,Shaaloani
Gonna Have Me Some Fur                           ,        95 ,Shaaloani
Nopal Hunters                                    ,        95 ,Shaaloani
That's Me and the Porter                         ,        95 ,Shaaloani
The Dead Never Die                               ,        95 ,Shaaloani
The Serpentlord Stirs                            ,        95 ,Shaaloani
You Are What You Drink                           ,        95 ,Shaaloani
A Raptor Runs Through It                         ,        96 ,Shaaloani
A Tortoise of a Tale                             ,        96 ,Shaaloani
Ain't What I Herd                                ,        96 ,Shaaloani
Breaking the Jaw                                 ,        96 ,Shaaloani
Helms off to the Bull                            ,        96 ,Shaaloani
The Serpentlord Sires                            ,        96 ,Shaaloani
The Serpentlord Speaks                           ,        96 ,Shaaloani
The Serpentlord Suffers                          ,        96 ,Shaaloani
The Serpentlord Seethes                          ,       100 ,Shaaloani
A Scythe to an Axe Fight                         ,        97 ,Heritage Found
Anger Issues                                     ,        97 ,Heritage Found
Days of Thunder                                  ,        97 ,Heritage Found
Hack the Planet                                  ,        97 ,Heritage Found
It's Super Defective                             ,        97 ,Heritage Found
License to Dill                                  ,        97 ,Heritage Found
Running of the Katobleps                         ,        97 ,Heritage Found
Ware the Wolves                                  ,        97 ,Heritage Found
(Got My Eye) Set on You                          ,        98 ,Heritage Found
Domo Arigato                                     ,        98 ,Heritage Found
Mi Casa Es Mi Casa                               ,        98 ,Heritage Found
Mr. Roboto                                       ,        98 ,Heritage Found
Old Stampeding Grounds                           ,        98 ,Heritage Found
print('I hate snakes')                           ,        98 ,Heritage Found
Pulling the Wool                                 ,        98 ,Heritage Found
To Each His Drone                                ,        98 ,Heritage Found
When It's So Salvage                             ,        98 ,Heritage Found
Canal Carnage                                    ,        99 ,Living Memory
Critical Corruption                              ,        99 ,Living Memory
Feed Me Sentries                                 ,        99 ,Living Memory
Horse in the Round                               ,        99 ,Living Memory
Invaders from Asyle                              ,        99 ,Living Memory
Mascot March                                     ,        99 ,Living Memory
Mascot Mayhem                                    ,        99 ,Living Memory
No Loitering                                     ,        99 ,Living Memory
Plumbers Don't Fear Slimes                       ,        99 ,Living Memory
Scattered Memories                               ,        99 ,Living Memory
Seeds of Tomorrow                                ,        99 ,Living Memory
Slime to Die                                     ,        99 ,Living Memory
Mascot Murder                                    ,       100 ,Living Memory
