id,name,classification,groups,mod_name
0,Joja Cola,filler,TRASH,
15,Rusty Key,progression,,
16,Dwarvish Translation Guide,progression,,
17,Bridge Repair,progression,COMMUNITY_REWARD,
18,Greenhouse,progression,COMMUNITY_REWARD,
19,Glittering Boulder Removed,progression,COMMUNITY_REWARD,
20,Minecarts Repair,useful,COMMUNITY_REWARD,
21,Bus Repair,progression,COMMUNITY_REWARD,
22,Progressive Movie Theater,"progression,trap",COMMUNITY_REWARD,
23,Stardrop,progression,,
24,Progressive Backpack,progression,,
25,Rusty Sword,filler,"WEAPON,DEPRECATED",
26,Leather Boots,filler,"FOOTWEAR,DEPRECATED",
27,Work Boots,filler,"FOOTWEAR,DEPRECATED",
28,Wooden Blade,filler,"WEAPON,DEPRECATED",
29,Iron Dirk,filler,"WEAPON,DEPRECATED",
30,Wind Spire,filler,"WEAPON,DEPRECATED",
31,Femur,filler,"WEAPON,DEPRECATED",
32,Steel Smallsword,filler,"WEAPON,DEPRECATED",
33,Wood Club,filler,"WEAPON,DEPRECATED",
34,Elf Blade,filler,"WEAPON,DEPRECATED",
37,Slingshot,filler,"WEAPON,DEPRECATED",
38,Tundra Boots,filler,"FOOTWEAR,DEPRECATED",
39,Thermal Boots,filler,"FOOTWEAR,DEPRECATED",
40,Combat Boots,filler,"FOOTWEAR,DEPRECATED",
41,Silver Saber,filler,"WEAPON,DEPRECATED",
42,Pirate's Sword,filler,"WEAPON,DEPRECATED",
43,Crystal Dagger,filler,"WEAPON,DEPRECATED",
44,Cutlass,filler,"WEAPON,DEPRECATED",
45,Iron Edge,filler,"WEAPON,DEPRECATED",
46,Burglar's Shank,filler,"WEAPON,DEPRECATED",
47,Wood Mallet,filler,"WEAPON,DEPRECATED",
48,Master Slingshot,filler,"WEAPON,DEPRECATED",
49,Firewalker Boots,filler,"FOOTWEAR,DEPRECATED",
50,Dark Boots,filler,"FOOTWEAR,DEPRECATED",
51,Claymore,filler,"WEAPON,DEPRECATED",
52,Templar's Blade,filler,"WEAPON,DEPRECATED",
53,Kudgel,filler,"WEAPON,DEPRECATED",
54,Shadow Dagger,filler,"WEAPON,DEPRECATED",
55,Obsidian Edge,filler,"WEAPON,DEPRECATED",
56,Tempered Broadsword,filler,"WEAPON,DEPRECATED",
57,Wicked Kris,filler,"WEAPON,DEPRECATED",
58,Bone Sword,filler,"WEAPON,DEPRECATED",
59,Ossified Blade,filler,"WEAPON,DEPRECATED",
60,Space Boots,filler,"FOOTWEAR,DEPRECATED",
61,Crystal Shoes,filler,"FOOTWEAR,DEPRECATED",
62,Steel Falchion,filler,"WEAPON,DEPRECATED",
63,The Slammer,filler,"WEAPON,DEPRECATED",
64,Skull Key,progression,,
65,Progressive Hoe,progression,PROGRESSIVE_TOOLS,
66,Progressive Pickaxe,progression,PROGRESSIVE_TOOLS,
67,Progressive Axe,progression,PROGRESSIVE_TOOLS,
68,Progressive Watering Can,progression,PROGRESSIVE_TOOLS,
69,Progressive Trash Can,progression,PROGRESSIVE_TOOLS,
70,Progressive Fishing Rod,progression,PROGRESSIVE_TOOLS,
71,Golden Scythe,useful,DEPRECATED,
72,Progressive Mine Elevator,progression,,
73,Farming Level,progression,SKILL_LEVEL_UP,
74,Fishing Level,progression,SKILL_LEVEL_UP,
75,Foraging Level,progression,SKILL_LEVEL_UP,
76,Mining Level,progression,SKILL_LEVEL_UP,
77,Combat Level,progression,SKILL_LEVEL_UP,
78,Earth Obelisk,progression,WIZARD_BUILDING,
79,Water Obelisk,progression,WIZARD_BUILDING,
80,Desert Obelisk,progression,WIZARD_BUILDING,
81,Island Obelisk,progression,"WIZARD_BUILDING,GINGER_ISLAND",
82,Junimo Hut,useful,WIZARD_BUILDING,
83,Gold Clock,progression,WIZARD_BUILDING,
84,Progressive Coop,progression,BUILDING,
85,Progressive Barn,progression,BUILDING,
86,Well,useful,BUILDING,
87,Silo,progression,BUILDING,
88,Mill,progression,BUILDING,
89,Progressive Shed,progression,BUILDING,
90,Fish Pond,progression,BUILDING,
91,Stable,useful,BUILDING,
92,Slime Hutch,progression,BUILDING,
93,Shipping Bin,progression,BUILDING,
94,Beach Bridge,progression,,
95,Adventurer's Guild,progression,DEPRECATED,
96,Club Card,progression,,
97,Magnifying Glass,progression,,
98,Bear's Knowledge,progression,,
99,Iridium Snake Milk,useful,,
100,JotPK: Progressive Boots,progression,ARCADE_MACHINE_BUFFS,
101,JotPK: Progressive Gun,progression,ARCADE_MACHINE_BUFFS,
102,JotPK: Progressive Ammo,progression,ARCADE_MACHINE_BUFFS,
103,JotPK: Extra Life,progression,ARCADE_MACHINE_BUFFS,
104,JotPK: Increased Drop Rate,progression,ARCADE_MACHINE_BUFFS,
105,Junimo Kart: Extra Life,progression,ARCADE_MACHINE_BUFFS,
106,Galaxy Sword,filler,"WEAPON,DEPRECATED",
107,Galaxy Dagger,filler,"WEAPON,DEPRECATED",
108,Galaxy Hammer,filler,"WEAPON,DEPRECATED",
109,Movement Speed Bonus,useful,,
110,Luck Bonus,filler,PLAYER_BUFF,
111,Lava Katana,filler,"WEAPON,DEPRECATED",
112,Progressive House,progression,,
113,Traveling Merchant: Sunday,progression,TRAVELING_MERCHANT_DAY,
114,Traveling Merchant: Monday,progression,TRAVELING_MERCHANT_DAY,
115,Traveling Merchant: Tuesday,progression,TRAVELING_MERCHANT_DAY,
116,Traveling Merchant: Wednesday,progression,TRAVELING_MERCHANT_DAY,
117,Traveling Merchant: Thursday,progression,TRAVELING_MERCHANT_DAY,
118,Traveling Merchant: Friday,progression,TRAVELING_MERCHANT_DAY,
119,Traveling Merchant: Saturday,progression,TRAVELING_MERCHANT_DAY,
120,Traveling Merchant Stock Size,useful,,
121,Traveling Merchant Discount,useful,DEPRECATED,
122,Return Scepter,useful,,
123,Progressive Season,progression,,
124,Spring,progression,SEASON,
125,Summer,progression,SEASON,
126,Fall,progression,SEASON,
127,Winter,progression,SEASON,
128,Amaranth Seeds,progression,CROPSANITY,
129,Artichoke Seeds,progression,CROPSANITY,
130,Beet Seeds,progression,CROPSANITY,
131,Jazz Seeds,progression,CROPSANITY,
132,Blueberry Seeds,progression,CROPSANITY,
133,Bok Choy Seeds,progression,CROPSANITY,
134,Cauliflower Seeds,progression,CROPSANITY,
135,Corn Seeds,progression,CROPSANITY,
136,Cranberry Seeds,progression,CROPSANITY,
137,Eggplant Seeds,progression,CROPSANITY,
138,Fairy Seeds,progression,CROPSANITY,
139,Garlic Seeds,progression,CROPSANITY,
140,Grape Starter,progression,CROPSANITY,
141,Bean Starter,progression,CROPSANITY,
142,Hops Starter,progression,CROPSANITY,
143,Pepper Seeds,progression,CROPSANITY,
144,Kale Seeds,progression,CROPSANITY,
145,Melon Seeds,progression,CROPSANITY,
146,Parsnip Seeds,progression,CROPSANITY,
147,Poppy Seeds,progression,CROPSANITY,
148,Potato Seeds,progression,CROPSANITY,
149,Pumpkin Seeds,progression,CROPSANITY,
150,Radish Seeds,progression,CROPSANITY,
151,Red Cabbage Seeds,progression,CROPSANITY,
152,Rhubarb Seeds,progression,CROPSANITY,
153,Starfruit Seeds,progression,CROPSANITY,
154,Strawberry Seeds,progression,CROPSANITY,
155,Spangle Seeds,progression,CROPSANITY,
156,Sunflower Seeds,progression,CROPSANITY,
157,Tomato Seeds,progression,CROPSANITY,
158,Tulip Bulb,progression,CROPSANITY,
159,Rice Shoot,progression,CROPSANITY,
160,Wheat Seeds,progression,CROPSANITY,
161,Yam Seeds,progression,CROPSANITY,
162,Cactus Seeds,progression,CROPSANITY,
163,Magic Rock Candy,useful,"MUSEUM,RESOURCE_PACK,RESOURCE_PACK_USEFUL",
164,Ancient Seeds Recipe,progression,MUSEUM,
165,Ancient Seeds,progression,"MUSEUM,RESOURCE_PACK,RESOURCE_PACK_USEFUL",
166,Traveling Merchant Metal Detector,progression,MUSEUM,
167,Alex <3,progression,FRIENDSANITY,
168,Elliott <3,progression,FRIENDSANITY,
169,Harvey <3,progression,FRIENDSANITY,
170,Sam <3,progression,FRIENDSANITY,
171,Sebastian <3,progression,FRIENDSANITY,
172,Shane <3,progression,FRIENDSANITY,
173,Abigail <3,progression,FRIENDSANITY,
174,Emily <3,progression,FRIENDSANITY,
175,Haley <3,progression,FRIENDSANITY,
176,Leah <3,progression,FRIENDSANITY,
177,Maru <3,progression,FRIENDSANITY,
178,Penny <3,progression,FRIENDSANITY,
179,Caroline <3,progression,FRIENDSANITY,
180,Clint <3,progression,FRIENDSANITY,
181,Demetrius <3,progression,FRIENDSANITY,
182,Dwarf <3,progression,FRIENDSANITY,
183,Evelyn <3,progression,FRIENDSANITY,
184,George <3,progression,FRIENDSANITY,
185,Gus <3,progression,FRIENDSANITY,
186,Jas <3,progression,FRIENDSANITY,
187,Jodi <3,progression,FRIENDSANITY,
188,Kent <3,progression,FRIENDSANITY,
189,Krobus <3,progression,FRIENDSANITY,
190,Leo <3,progression,"FRIENDSANITY,GINGER_ISLAND",
191,Lewis <3,progression,FRIENDSANITY,
192,Linus <3,progression,FRIENDSANITY,
193,Marnie <3,progression,FRIENDSANITY,
194,Pam <3,progression,FRIENDSANITY,
195,Pierre <3,progression,FRIENDSANITY,
196,Robin <3,progression,FRIENDSANITY,
197,Sandy <3,progression,FRIENDSANITY,
198,Vincent <3,progression,FRIENDSANITY,
199,Willy <3,progression,FRIENDSANITY,
200,Wizard <3,progression,FRIENDSANITY,
201,Pet <3,progression,FRIENDSANITY,
202,Rarecrow #1,progression,"FESTIVAL,RARECROW",
203,Rarecrow #2,progression,"FESTIVAL,RARECROW",
204,Rarecrow #3,progression,"FESTIVAL,RARECROW",
205,Rarecrow #4,progression,"FESTIVAL,RARECROW",
206,Rarecrow #5,progression,"FESTIVAL,RARECROW",
207,Rarecrow #6,progression,"FESTIVAL,RARECROW",
208,Rarecrow #7,progression,"FESTIVAL,RARECROW",
209,Rarecrow #8,progression,"FESTIVAL,RARECROW",
210,Straw Hat,filler,FESTIVAL,
211,Golden Pumpkin,useful,FESTIVAL,
212,Barbed Hook,useful,FESTIVAL,
213,Dressed Spinner,useful,FESTIVAL,
214,Magnet,useful,FESTIVAL,
215,Sailor's Cap,filler,FESTIVAL,
216,Pearl,useful,FESTIVAL,
217,Cone Hat,filler,FESTIVAL,
218,Iridium Fireplace,filler,FESTIVAL,
219,Lupini: Red Eagle,filler,FESTIVAL,
220,Lupini: Portrait Of A Mermaid,filler,FESTIVAL,
221,Lupini: Solar Kingdom,filler,FESTIVAL,
222,Lupini: Clouds,filler,FESTIVAL,
223,Lupini: 1000 Years From Now,filler,FESTIVAL,
224,Lupini: Three Trees,filler,FESTIVAL,
225,Lupini: The Serpent,filler,FESTIVAL,
226,Lupini: 'Tropical Fish #173',filler,FESTIVAL,
227,Lupini: Land Of Clay,filler,FESTIVAL,
228,Special Order Board,progression,SPECIAL_ORDER_BOARD,
229,Solar Panel Recipe,progression,SPECIAL_ORDER_BOARD,
230,Geode Crusher Recipe,progression,SPECIAL_ORDER_BOARD,
231,Farm Computer Recipe,progression,SPECIAL_ORDER_BOARD,
232,Bone Mill Recipe,progression,SPECIAL_ORDER_BOARD,
233,Fiber Seeds Recipe,progression,SPECIAL_ORDER_BOARD,
234,Stone Chest Recipe,progression,SPECIAL_ORDER_BOARD,
235,Quality Bobber Recipe,progression,SPECIAL_ORDER_BOARD,
236,Mini-Obelisk Recipe,progression,SPECIAL_ORDER_BOARD,
237,Monster Musk Recipe,progression,SPECIAL_ORDER_BOARD,
239,Sewing Machine,useful,"RESOURCE_PACK_USEFUL,SPECIAL_ORDER_BOARD",
240,Coffee Maker,progression,"RESOURCE_PACK_USEFUL,SPECIAL_ORDER_BOARD",
241,Mini-Fridge,useful,"RESOURCE_PACK_USEFUL,SPECIAL_ORDER_BOARD",
242,Mini-Shipping Bin,progression,"RESOURCE_PACK_USEFUL,SPECIAL_ORDER_BOARD",
243,Deluxe Fish Tank,useful,"RESOURCE_PACK_USEFUL,SPECIAL_ORDER_BOARD",
244,10 Qi Gems,progression,"GINGER_ISLAND,SPECIAL_ORDER_QI",
245,20 Qi Gems,progression,"GINGER_ISLAND,SPECIAL_ORDER_QI",
246,25 Qi Gems,progression,"GINGER_ISLAND,SPECIAL_ORDER_QI",
247,35 Qi Gems,progression,"GINGER_ISLAND,SPECIAL_ORDER_QI",
248,40 Qi Gems,progression,"GINGER_ISLAND,SPECIAL_ORDER_QI",
249,50 Qi Gems,progression,"GINGER_ISLAND,SPECIAL_ORDER_QI",
250,100 Qi Gems,progression,"GINGER_ISLAND,SPECIAL_ORDER_QI",
251,Rare Seed,progression,"RESOURCE_PACK,RESOURCE_PACK_USEFUL,CROPSANITY",
252,Apple Sapling,progression,"RESOURCE_PACK,RESOURCE_PACK_USEFUL,CROPSANITY",
253,Apricot Sapling,progression,"RESOURCE_PACK,RESOURCE_PACK_USEFUL,CROPSANITY",
254,Cherry Sapling,progression,"RESOURCE_PACK,RESOURCE_PACK_USEFUL,CROPSANITY",
255,Orange Sapling,progression,"RESOURCE_PACK,RESOURCE_PACK_USEFUL,CROPSANITY",
256,Pomegranate Sapling,progression,"RESOURCE_PACK,RESOURCE_PACK_USEFUL,CROPSANITY",
257,Peach Sapling,progression,"RESOURCE_PACK,RESOURCE_PACK_USEFUL,CROPSANITY",
258,Banana Sapling,progression,"GINGER_ISLAND,RESOURCE_PACK,RESOURCE_PACK_USEFUL,CROPSANITY",
259,Mango Sapling,progression,"GINGER_ISLAND,RESOURCE_PACK,RESOURCE_PACK_USEFUL,CROPSANITY",
260,Boat Repair,progression,GINGER_ISLAND,
261,Open Professor Snail Cave,progression,GINGER_ISLAND,
262,Island North Turtle,progression,"GINGER_ISLAND,WALNUT_PURCHASE",
263,Island West Turtle,progression,"GINGER_ISLAND,WALNUT_PURCHASE",
264,Island Farmhouse,progression,"GINGER_ISLAND,WALNUT_PURCHASE",
265,Island Mailbox,progression,"GINGER_ISLAND,WALNUT_PURCHASE",
266,Farm Obelisk,progression,"GINGER_ISLAND,WALNUT_PURCHASE",
267,Dig Site Bridge,progression,"GINGER_ISLAND,WALNUT_PURCHASE",
268,Island Trader,progression,"GINGER_ISLAND,WALNUT_PURCHASE",
269,Volcano Bridge,progression,"GINGER_ISLAND,WALNUT_PURCHASE",
270,Volcano Exit Shortcut,useful,"GINGER_ISLAND,WALNUT_PURCHASE",
271,Island Resort,progression,"GINGER_ISLAND,WALNUT_PURCHASE",
272,Parrot Express,progression,"GINGER_ISLAND,WALNUT_PURCHASE",
273,Qi Walnut Room,progression,"GINGER_ISLAND,WALNUT_PURCHASE",
274,Pineapple Seeds,progression,"GINGER_ISLAND,CROPSANITY",
275,Taro Tuber,progression,"GINGER_ISLAND,CROPSANITY",
276,Weather Report,useful,TV_CHANNEL,
277,Fortune Teller,useful,TV_CHANNEL,
278,Livin' Off The Land,useful,TV_CHANNEL,
279,The Queen of Sauce,progression,TV_CHANNEL,
280,Fishing Information Broadcasting Service,useful,TV_CHANNEL,
281,Sinister Signal,filler,TV_CHANNEL,
282,Dark Talisman,progression,,
283,Ostrich Incubator Recipe,progression,GINGER_ISLAND,
284,Cute Baby,progression,BABY,
285,Ugly Baby,progression,BABY,
286,Deluxe Scarecrow Recipe,progression,RARECROW,
287,Treehouse,progression,GINGER_ISLAND,
288,Coffee Bean,progression,CROPSANITY,
289,Progressive Weapon,progression,"WEAPON,WEAPON_GENERIC",
290,Progressive Sword,progression,"WEAPON,WEAPON_SWORD",
291,Progressive Club,progression,"WEAPON,WEAPON_CLUB",
292,Progressive Dagger,progression,"WEAPON,WEAPON_DAGGER",
293,Progressive Slingshot,progression,"WEAPON,WEAPON_SLINGSHOT",
294,Progressive Footwear,useful,FOOTWEAR,
295,Small Glow Ring,filler,"RING,RESOURCE_PACK,MAXIMUM_ONE",
296,Glow Ring,useful,"RING,RESOURCE_PACK,MAXIMUM_ONE",
297,Small Magnet Ring,filler,"RING,RESOURCE_PACK,MAXIMUM_ONE",
298,Magnet Ring,useful,"RING,RESOURCE_PACK,MAXIMUM_ONE",
299,Slime Charmer Ring,useful,"RING,RESOURCE_PACK,MAXIMUM_ONE",
300,Warrior Ring,useful,"RING,RESOURCE_PACK,MAXIMUM_ONE",
301,Vampire Ring,useful,"RING,RESOURCE_PACK,MAXIMUM_ONE",
302,Savage Ring,useful,"RING,RESOURCE_PACK,MAXIMUM_ONE",
303,Ring of Yoba,useful,"RING,RESOURCE_PACK,MAXIMUM_ONE",
304,Sturdy Ring,useful,"RING,RESOURCE_PACK,MAXIMUM_ONE",
305,Burglar's Ring,useful,"RING,RESOURCE_PACK,MAXIMUM_ONE",
306,Iridium Band,useful,"RING,RESOURCE_PACK,MAXIMUM_ONE",
307,Jukebox Ring,filler,"RING,RESOURCE_PACK,MAXIMUM_ONE",
308,Amethyst Ring,useful,"RING,RESOURCE_PACK,MAXIMUM_ONE",
309,Topaz Ring,useful,"RING,RESOURCE_PACK,MAXIMUM_ONE",
310,Aquamarine Ring,useful,"RING,RESOURCE_PACK,MAXIMUM_ONE",
311,Jade Ring,useful,"RING,RESOURCE_PACK,MAXIMUM_ONE",
312,Emerald Ring,useful,"RING,RESOURCE_PACK,MAXIMUM_ONE",
313,Ruby Ring,useful,"RING,RESOURCE_PACK,MAXIMUM_ONE",
314,Wedding Ring,useful,"RING,RESOURCE_PACK,MAXIMUM_ONE",
315,Crabshell Ring,useful,"RING,RESOURCE_PACK,MAXIMUM_ONE",
316,Napalm Ring,useful,"RING,RESOURCE_PACK,MAXIMUM_ONE",
317,Thorns Ring,useful,"RING,RESOURCE_PACK,MAXIMUM_ONE",
318,Lucky Ring,useful,"RING,RESOURCE_PACK,MAXIMUM_ONE",
319,Hot Java Ring,useful,"RING,RESOURCE_PACK,MAXIMUM_ONE",
320,Protection Ring,useful,"RING,RESOURCE_PACK,MAXIMUM_ONE",
321,Soul Sapper Ring,useful,"RING,RESOURCE_PACK,MAXIMUM_ONE",
322,Phoenix Ring,useful,"RING,RESOURCE_PACK,MAXIMUM_ONE",
323,Immunity Band,useful,"RING,RESOURCE_PACK,MAXIMUM_ONE",
324,Glowstone Ring,useful,"RING,RESOURCE_PACK,MAXIMUM_ONE",
325,Fairy Dust Recipe,progression,"GINGER_ISLAND",
326,Heavy Tapper Recipe,progression,"QI_CRAFTING_RECIPE,GINGER_ISLAND",
327,Hyper Speed-Gro Recipe,progression,"QI_CRAFTING_RECIPE,GINGER_ISLAND",
328,Deluxe Fertilizer Recipe,progression,QI_CRAFTING_RECIPE,
329,Hopper Recipe,progression,"QI_CRAFTING_RECIPE,GINGER_ISLAND",
330,Magic Bait Recipe,progression,"QI_CRAFTING_RECIPE,GINGER_ISLAND",
331,Jack-O-Lantern Recipe,progression,FESTIVAL,
333,Tub o' Flowers Recipe,progression,FESTIVAL,
335,Moonlight Jellies Banner,filler,FESTIVAL,
336,Starport Decal,filler,FESTIVAL,
337,Golden Egg,progression,"RESOURCE_PACK,RESOURCE_PACK_USEFUL",
340,Algae Soup Recipe,progression,"CHEFSANITY,CHEFSANITY_FRIENDSHIP",
341,Artichoke Dip Recipe,progression,"CHEFSANITY,CHEFSANITY_QOS",
342,Autumn's Bounty Recipe,progression,"CHEFSANITY,CHEFSANITY_FRIENDSHIP",
343,Baked Fish Recipe,progression,"CHEFSANITY,CHEFSANITY_QOS",
344,Banana Pudding Recipe,progression,"CHEFSANITY,GINGER_ISLAND,CHEFSANITY_PURCHASE",
345,Bean Hotpot Recipe,progression,"CHEFSANITY,CHEFSANITY_FRIENDSHIP",
346,Blackberry Cobbler Recipe,progression,"CHEFSANITY,CHEFSANITY_QOS",
347,Blueberry Tart Recipe,progression,"CHEFSANITY,CHEFSANITY_FRIENDSHIP",
348,Bread Recipe,progression,"CHEFSANITY,CHEFSANITY_QOS,CHEFSANITY_FRIENDSHIP,CHEFSANITY_PURCHASE",
349,Bruschetta Recipe,progression,"CHEFSANITY,CHEFSANITY_QOS",
350,Carp Surprise Recipe,progression,"CHEFSANITY,CHEFSANITY_QOS",
351,Cheese Cauliflower Recipe,progression,"CHEFSANITY,CHEFSANITY_FRIENDSHIP",
352,Chocolate Cake Recipe,progression,"CHEFSANITY,CHEFSANITY_QOS",
353,Chowder Recipe,progression,"CHEFSANITY,CHEFSANITY_FRIENDSHIP",
354,Coleslaw Recipe,progression,"CHEFSANITY,CHEFSANITY_QOS",
355,Complete Breakfast Recipe,progression,"CHEFSANITY,CHEFSANITY_QOS",
356,Cookies Recipe,progression,"CHEFSANITY,CHEFSANITY_FRIENDSHIP",
357,Crab Cakes Recipe,progression,"CHEFSANITY,CHEFSANITY_QOS",
358,Cranberry Candy Recipe,progression,"CHEFSANITY,CHEFSANITY_QOS",
359,Cranberry Sauce Recipe,progression,"CHEFSANITY,CHEFSANITY_FRIENDSHIP",
360,Crispy Bass Recipe,progression,"CHEFSANITY,CHEFSANITY_FRIENDSHIP",
361,Dish O' The Sea Recipe,progression,"CHEFSANITY,CHEFSANITY_SKILL",
362,Eggplant Parmesan Recipe,progression,"CHEFSANITY,CHEFSANITY_FRIENDSHIP",
363,Escargot Recipe,progression,"CHEFSANITY,CHEFSANITY_FRIENDSHIP",
364,Farmer's Lunch Recipe,progression,"CHEFSANITY,CHEFSANITY_SKILL",
365,Fiddlehead Risotto Recipe,progression,"CHEFSANITY,CHEFSANITY_QOS",
366,Fish Stew Recipe,progression,"CHEFSANITY,CHEFSANITY_FRIENDSHIP",
367,Fish Taco Recipe,progression,"CHEFSANITY,CHEFSANITY_FRIENDSHIP",
368,Fried Calamari Recipe,progression,"CHEFSANITY,CHEFSANITY_FRIENDSHIP",
369,Fried Eel Recipe,progression,"CHEFSANITY,CHEFSANITY_FRIENDSHIP",
370,Fried Egg Recipe,progression,CHEFSANITY_STARTER,
371,Fried Mushroom Recipe,progression,"CHEFSANITY,CHEFSANITY_FRIENDSHIP",
372,Fruit Salad Recipe,progression,"CHEFSANITY,CHEFSANITY_QOS",
373,Ginger Ale Recipe,progression,"CHEFSANITY,GINGER_ISLAND,CHEFSANITY_PURCHASE",
374,Glazed Yams Recipe,progression,"CHEFSANITY,CHEFSANITY_QOS",
375,Hashbrowns Recipe,progression,"CHEFSANITY,CHEFSANITY_QOS,CHEFSANITY_PURCHASE",
376,Ice Cream Recipe,progression,"CHEFSANITY,CHEFSANITY_FRIENDSHIP",
377,Lobster Bisque Recipe,progression,"CHEFSANITY,CHEFSANITY_QOS,CHEFSANITY_FRIENDSHIP",
378,Lucky Lunch Recipe,progression,"CHEFSANITY,CHEFSANITY_QOS",
379,Maki Roll Recipe,progression,"CHEFSANITY,CHEFSANITY_QOS,CHEFSANITY_PURCHASE",
380,Mango Sticky Rice Recipe,progression,"CHEFSANITY,CHEFSANITY_FRIENDSHIP,GINGER_ISLAND",
381,Maple Bar Recipe,progression,"CHEFSANITY,CHEFSANITY_QOS",
382,Miner's Treat Recipe,progression,"CHEFSANITY,CHEFSANITY_SKILL",
383,Omelet Recipe,progression,"CHEFSANITY,CHEFSANITY_QOS,CHEFSANITY_PURCHASE",
384,Pale Broth Recipe,progression,"CHEFSANITY,CHEFSANITY_FRIENDSHIP",
385,Pancakes Recipe,progression,"CHEFSANITY,CHEFSANITY_QOS,CHEFSANITY_PURCHASE",
386,Parsnip Soup Recipe,progression,"CHEFSANITY,CHEFSANITY_FRIENDSHIP",
387,Pepper Poppers Recipe,progression,"CHEFSANITY,CHEFSANITY_FRIENDSHIP",
388,Pink Cake Recipe,progression,"CHEFSANITY,CHEFSANITY_QOS",
389,Pizza Recipe,progression,"CHEFSANITY,CHEFSANITY_QOS,CHEFSANITY_PURCHASE",
390,Plum Pudding Recipe,progression,"CHEFSANITY,CHEFSANITY_QOS",
391,Poi Recipe,progression,"CHEFSANITY,CHEFSANITY_FRIENDSHIP,GINGER_ISLAND",
392,Poppyseed Muffin Recipe,progression,"CHEFSANITY,CHEFSANITY_QOS",
393,Pumpkin Pie Recipe,progression,"CHEFSANITY,CHEFSANITY_QOS",
394,Pumpkin Soup Recipe,progression,"CHEFSANITY,CHEFSANITY_FRIENDSHIP",
395,Radish Salad Recipe,progression,"CHEFSANITY,CHEFSANITY_QOS",
396,Red Plate Recipe,progression,"CHEFSANITY,CHEFSANITY_FRIENDSHIP",
397,Rhubarb Pie Recipe,progression,"CHEFSANITY,CHEFSANITY_FRIENDSHIP",
398,Rice Pudding Recipe,progression,"CHEFSANITY,CHEFSANITY_FRIENDSHIP",
399,Roasted Hazelnuts Recipe,progression,"CHEFSANITY,CHEFSANITY_QOS",
400,Roots Platter Recipe,progression,"CHEFSANITY,CHEFSANITY_SKILL",
401,Salad Recipe,progression,"CHEFSANITY,CHEFSANITY_FRIENDSHIP",
402,Salmon Dinner Recipe,progression,"CHEFSANITY,CHEFSANITY_FRIENDSHIP",
403,Sashimi Recipe,progression,"CHEFSANITY,CHEFSANITY_FRIENDSHIP",
404,Seafoam Pudding Recipe,progression,"CHEFSANITY,CHEFSANITY_SKILL",
405,Shrimp Cocktail Recipe,progression,"CHEFSANITY,CHEFSANITY_QOS",
406,Spaghetti Recipe,progression,"CHEFSANITY,CHEFSANITY_FRIENDSHIP",
407,Spicy Eel Recipe,progression,"CHEFSANITY,CHEFSANITY_FRIENDSHIP",
408,Squid Ink Ravioli Recipe,progression,"CHEFSANITY,CHEFSANITY_SKILL",
409,Stir Fry Recipe,progression,"CHEFSANITY,CHEFSANITY_QOS",
410,Strange Bun Recipe,progression,"CHEFSANITY,CHEFSANITY_FRIENDSHIP",
411,Stuffing Recipe,progression,"CHEFSANITY,CHEFSANITY_FRIENDSHIP",
412,Super Meal Recipe,progression,"CHEFSANITY,CHEFSANITY_FRIENDSHIP",
413,Survival Burger Recipe,progression,"CHEFSANITY,CHEFSANITY_SKILL",
414,Tom Kha Soup Recipe,progression,"CHEFSANITY,CHEFSANITY_FRIENDSHIP",
415,Tortilla Recipe,progression,"CHEFSANITY,CHEFSANITY_QOS,CHEFSANITY_PURCHASE",
416,Triple Shot Espresso Recipe,progression,"CHEFSANITY,CHEFSANITY_PURCHASE",
417,Tropical Curry Recipe,progression,"CHEFSANITY,GINGER_ISLAND,CHEFSANITY_PURCHASE",
418,Trout Soup Recipe,progression,"CHEFSANITY,CHEFSANITY_QOS",
419,Vegetable Medley Recipe,progression,"CHEFSANITY,CHEFSANITY_FRIENDSHIP",
420,Moss Soup Recipe,progression,"CHEFSANITY,CHEFSANITY_SKILL",
425,Gate Recipe,progression,CRAFTSANITY,
426,Wood Fence Recipe,progression,CRAFTSANITY,
427,Deluxe Retaining Soil Recipe,progression,"CRAFTSANITY,GINGER_ISLAND",
428,Grass Starter Recipe,progression,CRAFTSANITY,
429,Wood Floor Recipe,progression,CRAFTSANITY,
430,Rustic Plank Floor Recipe,progression,CRAFTSANITY,
431,Straw Floor Recipe,progression,CRAFTSANITY,
432,Weathered Floor Recipe,progression,CRAFTSANITY,
433,Crystal Floor Recipe,progression,CRAFTSANITY,
434,Stone Floor Recipe,progression,CRAFTSANITY,
435,Stone Walkway Floor Recipe,progression,CRAFTSANITY,
436,Brick Floor Recipe,progression,CRAFTSANITY,
437,Wood Path Recipe,progression,CRAFTSANITY,
438,Gravel Path Recipe,progression,CRAFTSANITY,
439,Cobblestone Path Recipe,progression,CRAFTSANITY,
440,Stepping Stone Path Recipe,progression,CRAFTSANITY,
441,Crystal Path Recipe,progression,CRAFTSANITY,
442,Wedding Ring Recipe,progression,CRAFTSANITY,
443,Warp Totem: Desert Recipe,progression,CRAFTSANITY,
444,Warp Totem: Island Recipe,progression,"CRAFTSANITY,GINGER_ISLAND",
445,Torch Recipe,progression,CRAFTSANITY,
446,Campfire Recipe,progression,CRAFTSANITY,
447,Wooden Brazier Recipe,progression,CRAFTSANITY,
448,Stone Brazier Recipe,progression,CRAFTSANITY,
449,Gold Brazier Recipe,progression,CRAFTSANITY,
450,Carved Brazier Recipe,progression,CRAFTSANITY,
451,Stump Brazier Recipe,progression,CRAFTSANITY,
452,Barrel Brazier Recipe,progression,CRAFTSANITY,
453,Skull Brazier Recipe,progression,CRAFTSANITY,
454,Marble Brazier Recipe,progression,CRAFTSANITY,
455,Wood Lamp-post Recipe,progression,CRAFTSANITY,
456,Iron Lamp-post Recipe,progression,CRAFTSANITY,
457,Furnace Recipe,progression,"CRAFTSANITY",
458,Wicked Statue Recipe,progression,CRAFTSANITY,
459,Chest Recipe,progression,CRAFTSANITY,
460,Wood Sign Recipe,progression,CRAFTSANITY,
461,Stone Sign Recipe,progression,CRAFTSANITY,
469,Railroad Boulder Removed,progression,,
470,Fruit Bats,progression,,
471,Mushroom Boxes,progression,,
475,The Gateway Gazette,progression,TV_CHANNEL,
476,Carrot Seeds,progression,CROPSANITY,
477,Summer Squash Seeds,progression,CROPSANITY,
478,Broccoli Seeds,progression,CROPSANITY,
479,Powdermelon Seeds,progression,CROPSANITY,
480,Progressive Raccoon,progression,,
481,Farming Mastery,progression,SKILL_MASTERY,
482,Mining Mastery,progression,SKILL_MASTERY,
483,Foraging Mastery,progression,SKILL_MASTERY,
484,Fishing Mastery,progression,SKILL_MASTERY,
485,Combat Mastery,progression,SKILL_MASTERY,
486,Fish Smoker Recipe,progression,CRAFTSANITY,
487,Dehydrator Recipe,progression,CRAFTSANITY,
488,Big Chest Recipe,progression,CRAFTSANITY,
489,Big Stone Chest Recipe,progression,CRAFTSANITY,
490,Text Sign Recipe,progression,CRAFTSANITY,
491,Blue Grass Starter Recipe,progression,"QI_CRAFTING_RECIPE,GINGER_ISLAND",
492,Mastery Of The Five Ways,progression,SKILL_MASTERY,
493,Progressive Scythe,useful,,
494,Progressive Pan,progression,PROGRESSIVE_TOOLS,
495,Calico Statue,filler,FESTIVAL,
496,Mummy Mask,filler,FESTIVAL,
497,Free Cactis,filler,FESTIVAL,
498,Gil's Hat,filler,FESTIVAL,
499,Bucket Hat,filler,FESTIVAL,
500,Mounted Trout,filler,FESTIVAL,
501,'Squid Kid',filler,FESTIVAL,
502,Squid Hat,filler,FESTIVAL,
503,Resource Pack: 200 Calico Egg,useful,"FESTIVAL",
504,Resource Pack: 120 Calico Egg,useful,"FESTIVAL",
505,Resource Pack: 100 Calico Egg,useful,"FESTIVAL",
506,Resource Pack: 50 Calico Egg,useful,"FESTIVAL",
507,Resource Pack: 40 Calico Egg,useful,"FESTIVAL",
508,Resource Pack: 35 Calico Egg,useful,"FESTIVAL",
509,Resource Pack: 30 Calico Egg,useful,"FESTIVAL",
510,Book: The Art O' Crabbing,progression,"FESTIVAL",
511,Mr Qi's Plane Ride,progression,,
521,Power: Price Catalogue,useful,"BOOK_POWER",
522,Power: Mapping Cave Systems,useful,"BOOK_POWER",
523,Power: Way Of The Wind pt. 1,progression,"BOOK_POWER",
524,Power: Way Of The Wind pt. 2,useful,"BOOK_POWER",
525,Power: Monster Compendium,useful,"BOOK_POWER",
526,Power: Friendship 101,useful,"BOOK_POWER",
527,"Power: Jack Be Nimble, Jack Be Thick",useful,"BOOK_POWER",
528,Power: Woody's Secret,useful,"BOOK_POWER",
529,Power: Raccoon Journal,useful,"BOOK_POWER",
530,Power: Jewels Of The Sea,useful,"BOOK_POWER",
531,Power: Dwarvish Safety Manual,useful,"BOOK_POWER",
532,Power: The Art O' Crabbing,useful,"BOOK_POWER",
533,Power: The Alleyway Buffet,useful,"BOOK_POWER",
534,Power: The Diamond Hunter,useful,"BOOK_POWER",
535,Power: Book of Mysteries,progression,"BOOK_POWER",
536,Power: Horse: The Book,useful,"BOOK_POWER",
537,Power: Treasure Appraisal Guide,useful,"BOOK_POWER",
538,Power: Ol' Slitherlegs,useful,"BOOK_POWER",
539,Power: Animal Catalogue,useful,"BOOK_POWER",
541,Progressive Lost Book,progression,"LOST_BOOK",
551,Golden Walnut,progression,"RESOURCE_PACK,GINGER_ISLAND",
552,3 Golden Walnuts,progression,"GINGER_ISLAND",
553,5 Golden Walnuts,progression,"GINGER_ISLAND",
554,Damage Bonus,filler,PLAYER_BUFF,
555,Defense Bonus,filler,PLAYER_BUFF,
556,Immunity Bonus,filler,PLAYER_BUFF,
557,Health Bonus,filler,PLAYER_BUFF,
558,Energy Bonus,filler,PLAYER_BUFF,
559,Bite Rate Bonus,filler,PLAYER_BUFF,
560,Fish Trap Bonus,filler,PLAYER_BUFF,
561,Fishing Bar Size Bonus,filler,PLAYER_BUFF,
562,Quality Bonus,filler,PLAYER_BUFF,
563,Glow Bonus,filler,PLAYER_BUFF,
564,Pet Bowl,progression,BUILDING,
4001,Burnt Trap,trap,TRAP,
4002,Darkness Trap,trap,TRAP,
4003,Frozen Trap,trap,TRAP,
4004,Jinxed Trap,trap,TRAP,
4005,Nauseated Trap,trap,TRAP,
4006,Slimed Trap,trap,TRAP,
4007,Weakness Trap,trap,TRAP,
4008,Taxes Trap,trap,TRAP,
4009,Random Teleport Trap,trap,TRAP,
4010,The Crows Trap,trap,TRAP,
4011,Monsters Trap,trap,TRAP,
4012,Entrance Reshuffle Trap,trap,"TRAP,DEPRECATED",
4013,Debris Trap,trap,TRAP,
4014,Shuffle Trap,trap,TRAP,
4015,Temporary Winter Trap,trap,"TRAP,DEPRECATED",
4016,Pariah Trap,trap,TRAP,
4017,Drought Trap,trap,TRAP,
4018,Time Flies Trap,trap,TRAP,
4019,Babies Trap,trap,TRAP,
4020,Meow Trap,trap,TRAP,
4021,Bark Trap,trap,TRAP,
4022,Depression Trap,trap,"TRAP,DEPRECATED",
4023,Benjamin Budton Trap,trap,TRAP,
4024,Inflation Trap,trap,TRAP,
4025,Bomb Trap,trap,TRAP,
4026,Nudge Trap,trap,TRAP,
4501,Deflation Bonus,filler,,
5000,Resource Pack: 500 Money,useful,"BASE_RESOURCE,RESOURCE_PACK",
5001,Resource Pack: 1000 Money,useful,"BASE_RESOURCE,RESOURCE_PACK",
5002,Resource Pack: 1500 Money,useful,"BASE_RESOURCE,RESOURCE_PACK",
5003,Resource Pack: 2000 Money,useful,"BASE_RESOURCE,RESOURCE_PACK",
5004,Resource Pack: 25 Stone,filler,"DEPRECATED,BASE_RESOURCE,RESOURCE_PACK",
5005,Resource Pack: 50 Stone,filler,"BASE_RESOURCE,RESOURCE_PACK",
5006,Resource Pack: 75 Stone,filler,"DEPRECATED,BASE_RESOURCE,RESOURCE_PACK",
5007,Resource Pack: 100 Stone,filler,"DEPRECATED,BASE_RESOURCE,RESOURCE_PACK",
5008,Resource Pack: 25 Wood,filler,"DEPRECATED,BASE_RESOURCE,RESOURCE_PACK",
5009,Resource Pack: 50 Wood,filler,"BASE_RESOURCE,RESOURCE_PACK",
5010,Resource Pack: 75 Wood,filler,"DEPRECATED,BASE_RESOURCE,RESOURCE_PACK",
5011,Resource Pack: 100 Wood,filler,"DEPRECATED,BASE_RESOURCE,RESOURCE_PACK",
5012,Resource Pack: 5 Hardwood,useful,"DEPRECATED,BASE_RESOURCE,RESOURCE_PACK",
5013,Resource Pack: 10 Hardwood,useful,"BASE_RESOURCE,RESOURCE_PACK",
5014,Resource Pack: 15 Hardwood,useful,"DEPRECATED,BASE_RESOURCE,RESOURCE_PACK",
5015,Resource Pack: 20 Hardwood,useful,"DEPRECATED,BASE_RESOURCE,RESOURCE_PACK",
5016,Resource Pack: 15 Fiber,filler,"DEPRECATED,BASE_RESOURCE,RESOURCE_PACK",
5017,Resource Pack: 30 Fiber,filler,"BASE_RESOURCE,RESOURCE_PACK",
5018,Resource Pack: 45 Fiber,filler,"DEPRECATED,BASE_RESOURCE,RESOURCE_PACK",
5019,Resource Pack: 60 Fiber,filler,"DEPRECATED,BASE_RESOURCE,RESOURCE_PACK",
5020,Resource Pack: 5 Coal,filler,"DEPRECATED,BASE_RESOURCE,RESOURCE_PACK",
5021,Resource Pack: 10 Coal,filler,"BASE_RESOURCE,RESOURCE_PACK",
5022,Resource Pack: 15 Coal,filler,"DEPRECATED,BASE_RESOURCE,RESOURCE_PACK",
5023,Resource Pack: 20 Coal,filler,"DEPRECATED,BASE_RESOURCE,RESOURCE_PACK",
5024,Resource Pack: 5 Clay,filler,"DEPRECATED,BASE_RESOURCE,RESOURCE_PACK",
5025,Resource Pack: 10 Clay,filler,"DEPRECATED,BASE_RESOURCE,RESOURCE_PACK",
5026,Resource Pack: 15 Clay,filler,"DEPRECATED,BASE_RESOURCE,RESOURCE_PACK",
5027,Resource Pack: 20 Clay,filler,"BASE_RESOURCE,RESOURCE_PACK",
5028,Resource Pack: 1 Warp Totem: Beach,filler,"DEPRECATED,RESOURCE_PACK,WARP_TOTEM",
5029,Resource Pack: 3 Warp Totem: Beach,filler,"DEPRECATED,RESOURCE_PACK,WARP_TOTEM",
5030,Resource Pack: 5 Warp Totem: Beach,filler,"RESOURCE_PACK,WARP_TOTEM",
5031,Resource Pack: 7 Warp Totem: Beach,filler,"DEPRECATED,RESOURCE_PACK,WARP_TOTEM",
5032,Resource Pack: 9 Warp Totem: Beach,filler,"DEPRECATED,RESOURCE_PACK,WARP_TOTEM",
5033,Resource Pack: 10 Warp Totem: Beach,filler,"DEPRECATED,RESOURCE_PACK,WARP_TOTEM",
5034,Resource Pack: 1 Warp Totem: Desert,filler,"DEPRECATED,RESOURCE_PACK,WARP_TOTEM",
5035,Resource Pack: 3 Warp Totem: Desert,filler,"DEPRECATED,RESOURCE_PACK,WARP_TOTEM",
5036,Resource Pack: 5 Warp Totem: Desert,filler,"RESOURCE_PACK,WARP_TOTEM",
5037,Resource Pack: 7 Warp Totem: Desert,filler,"DEPRECATED,RESOURCE_PACK,WARP_TOTEM",
5038,Resource Pack: 9 Warp Totem: Desert,filler,"DEPRECATED,RESOURCE_PACK,WARP_TOTEM",
5039,Resource Pack: 10 Warp Totem: Desert,filler,"DEPRECATED,RESOURCE_PACK,WARP_TOTEM",
5040,Resource Pack: 1 Warp Totem: Farm,filler,"DEPRECATED,RESOURCE_PACK,WARP_TOTEM",
5041,Resource Pack: 3 Warp Totem: Farm,filler,"DEPRECATED,RESOURCE_PACK,WARP_TOTEM",
5042,Resource Pack: 5 Warp Totem: Farm,filler,"RESOURCE_PACK,WARP_TOTEM",
5043,Resource Pack: 7 Warp Totem: Farm,filler,"DEPRECATED,RESOURCE_PACK,WARP_TOTEM",
5044,Resource Pack: 9 Warp Totem: Farm,filler,"DEPRECATED,RESOURCE_PACK,WARP_TOTEM",
5045,Resource Pack: 10 Warp Totem: Farm,filler,"DEPRECATED,RESOURCE_PACK,WARP_TOTEM",
5046,Resource Pack: 1 Warp Totem: Island,filler,"DEPRECATED,RESOURCE_PACK,WARP_TOTEM,GINGER_ISLAND",
5047,Resource Pack: 3 Warp Totem: Island,filler,"DEPRECATED,RESOURCE_PACK,WARP_TOTEM,GINGER_ISLAND",
5048,Resource Pack: 5 Warp Totem: Island,filler,"RESOURCE_PACK,WARP_TOTEM,GINGER_ISLAND",
5049,Resource Pack: 7 Warp Totem: Island,filler,"DEPRECATED,RESOURCE_PACK,WARP_TOTEM,GINGER_ISLAND",
5050,Resource Pack: 9 Warp Totem: Island,filler,"DEPRECATED,RESOURCE_PACK,WARP_TOTEM,GINGER_ISLAND",
5051,Resource Pack: 10 Warp Totem: Island,filler,"DEPRECATED,RESOURCE_PACK,WARP_TOTEM,GINGER_ISLAND",
5052,Resource Pack: 1 Warp Totem: Mountains,filler,"DEPRECATED,RESOURCE_PACK,WARP_TOTEM",
5053,Resource Pack: 3 Warp Totem: Mountains,filler,"DEPRECATED,RESOURCE_PACK,WARP_TOTEM",
5054,Resource Pack: 5 Warp Totem: Mountains,filler,"RESOURCE_PACK,WARP_TOTEM",
5055,Resource Pack: 7 Warp Totem: Mountains,filler,"DEPRECATED,RESOURCE_PACK,WARP_TOTEM",
5056,Resource Pack: 9 Warp Totem: Mountains,filler,"DEPRECATED,RESOURCE_PACK,WARP_TOTEM",
5057,Resource Pack: 10 Warp Totem: Mountains,filler,"DEPRECATED,RESOURCE_PACK,WARP_TOTEM",
5058,Resource Pack: 6 Geode,filler,"DEPRECATED,GEODE,RESOURCE_PACK",
5059,Resource Pack: 12 Geode,filler,"GEODE,RESOURCE_PACK",
5060,Resource Pack: 18 Geode,filler,"DEPRECATED,GEODE,RESOURCE_PACK",
5061,Resource Pack: 24 Geode,filler,"DEPRECATED,GEODE,RESOURCE_PACK",
5062,Resource Pack: 4 Frozen Geode,filler,"DEPRECATED,GEODE,RESOURCE_PACK",
5063,Resource Pack: 8 Frozen Geode,filler,"GEODE,RESOURCE_PACK",
5064,Resource Pack: 12 Frozen Geode,filler,"DEPRECATED,GEODE,RESOURCE_PACK",
5065,Resource Pack: 16 Frozen Geode,filler,"DEPRECATED,GEODE,RESOURCE_PACK",
5066,Resource Pack: 3 Magma Geode,filler,"DEPRECATED,GEODE,RESOURCE_PACK",
5067,Resource Pack: 6 Magma Geode,filler,"GEODE,RESOURCE_PACK",
5068,Resource Pack: 9 Magma Geode,filler,"DEPRECATED,GEODE,RESOURCE_PACK",
5069,Resource Pack: 12 Magma Geode,filler,"DEPRECATED,GEODE,RESOURCE_PACK",
5070,Resource Pack: 2 Omni Geode,useful,"DEPRECATED,GEODE,RESOURCE_PACK",
5071,Resource Pack: 4 Omni Geode,useful,"GEODE,RESOURCE_PACK",
5072,Resource Pack: 6 Omni Geode,useful,"DEPRECATED,GEODE,RESOURCE_PACK",
5073,Resource Pack: 8 Omni Geode,useful,"DEPRECATED,GEODE,RESOURCE_PACK",
5074,Resource Pack: 25 Copper Ore,filler,"DEPRECATED,ORE,RESOURCE_PACK",
5075,Resource Pack: 50 Copper Ore,filler,"DEPRECATED,ORE,RESOURCE_PACK",
5076,Resource Pack: 75 Copper Ore,filler,"ORE,RESOURCE_PACK",
5077,Resource Pack: 100 Copper Ore,filler,"DEPRECATED,ORE,RESOURCE_PACK",
5078,Resource Pack: 125 Copper Ore,filler,"DEPRECATED,ORE,RESOURCE_PACK",
5079,Resource Pack: 150 Copper Ore,filler,"DEPRECATED,ORE,RESOURCE_PACK",
5080,Resource Pack: 25 Iron Ore,filler,"DEPRECATED,ORE,RESOURCE_PACK",
5081,Resource Pack: 50 Iron Ore,filler,"ORE,RESOURCE_PACK",
5082,Resource Pack: 75 Iron Ore,filler,"DEPRECATED,ORE,RESOURCE_PACK",
5083,Resource Pack: 100 Iron Ore,filler,"DEPRECATED,ORE,RESOURCE_PACK",
5084,Resource Pack: 12 Gold Ore,useful,"DEPRECATED,ORE,RESOURCE_PACK",
5085,Resource Pack: 25 Gold Ore,useful,"ORE,RESOURCE_PACK",
5086,Resource Pack: 38 Gold Ore,useful,"DEPRECATED,ORE,RESOURCE_PACK",
5087,Resource Pack: 50 Gold Ore,useful,"DEPRECATED,ORE,RESOURCE_PACK",
5088,Resource Pack: 5 Iridium Ore,useful,"DEPRECATED,ORE,RESOURCE_PACK",
5089,Resource Pack: 10 Iridium Ore,useful,"ORE,RESOURCE_PACK",
5090,Resource Pack: 15 Iridium Ore,useful,"DEPRECATED,ORE,RESOURCE_PACK",
5091,Resource Pack: 20 Iridium Ore,useful,"DEPRECATED,ORE,RESOURCE_PACK",
5092,Resource Pack: 5 Quartz,filler,"ORE,RESOURCE_PACK",
5093,Resource Pack: 10 Quartz,filler,"ORE,DEPRECATED,RESOURCE_PACK",
5094,Resource Pack: 15 Quartz,filler,"ORE,DEPRECATED,RESOURCE_PACK",
5095,Resource Pack: 20 Quartz,filler,"ORE,DEPRECATED,RESOURCE_PACK",
5096,Resource Pack: 10 Basic Fertilizer,filler,"DEPRECATED,FERTILIZER,RESOURCE_PACK",
5097,Resource Pack: 20 Basic Fertilizer,filler,"DEPRECATED,FERTILIZER,RESOURCE_PACK",
5098,Resource Pack: 30 Basic Fertilizer,filler,"FERTILIZER,RESOURCE_PACK",
5099,Resource Pack: 40 Basic Fertilizer,filler,"DEPRECATED,FERTILIZER,RESOURCE_PACK",
5100,Resource Pack: 50 Basic Fertilizer,filler,"DEPRECATED,FERTILIZER,RESOURCE_PACK",
5101,Resource Pack: 60 Basic Fertilizer,filler,"DEPRECATED,FERTILIZER,RESOURCE_PACK",
5102,Resource Pack: 10 Basic Retaining Soil,filler,"DEPRECATED,FERTILIZER,RESOURCE_PACK",
5103,Resource Pack: 20 Basic Retaining Soil,filler,"DEPRECATED,FERTILIZER,RESOURCE_PACK",
5104,Resource Pack: 30 Basic Retaining Soil,filler,"FERTILIZER,RESOURCE_PACK",
5105,Resource Pack: 40 Basic Retaining Soil,filler,"DEPRECATED,FERTILIZER,RESOURCE_PACK",
5106,Resource Pack: 50 Basic Retaining Soil,filler,"DEPRECATED,FERTILIZER,RESOURCE_PACK",
5107,Resource Pack: 60 Basic Retaining Soil,filler,"DEPRECATED,FERTILIZER,RESOURCE_PACK",
5108,Resource Pack: 10 Speed-Gro,filler,"DEPRECATED,FERTILIZER,RESOURCE_PACK",
5109,Resource Pack: 20 Speed-Gro,filler,"DEPRECATED,FERTILIZER,RESOURCE_PACK",
5110,Resource Pack: 30 Speed-Gro,filler,"FERTILIZER,RESOURCE_PACK",
5111,Resource Pack: 40 Speed-Gro,filler,"DEPRECATED,FERTILIZER,RESOURCE_PACK",
5112,Resource Pack: 50 Speed-Gro,filler,"DEPRECATED,FERTILIZER,RESOURCE_PACK",
5113,Resource Pack: 60 Speed-Gro,filler,"DEPRECATED,FERTILIZER,RESOURCE_PACK",
5114,Resource Pack: 4 Quality Fertilizer,filler,"DEPRECATED,FERTILIZER,RESOURCE_PACK",
5115,Resource Pack: 12 Quality Fertilizer,filler,"DEPRECATED,FERTILIZER,RESOURCE_PACK",
5116,Resource Pack: 20 Quality Fertilizer,filler,"FERTILIZER,RESOURCE_PACK",
5117,Resource Pack: 28 Quality Fertilizer,filler,"DEPRECATED,FERTILIZER,RESOURCE_PACK",
5118,Resource Pack: 36 Quality Fertilizer,filler,"DEPRECATED,FERTILIZER,RESOURCE_PACK",
5119,Resource Pack: 40 Quality Fertilizer,filler,"DEPRECATED,FERTILIZER,RESOURCE_PACK",
5120,Resource Pack: 4 Quality Retaining Soil,filler,"DEPRECATED,FERTILIZER,RESOURCE_PACK",
5121,Resource Pack: 12 Quality Retaining Soil,filler,"DEPRECATED,FERTILIZER,RESOURCE_PACK",
5122,Resource Pack: 20 Quality Retaining Soil,filler,"FERTILIZER,RESOURCE_PACK",
5123,Resource Pack: 28 Quality Retaining Soil,filler,"DEPRECATED,FERTILIZER,RESOURCE_PACK",
5124,Resource Pack: 36 Quality Retaining Soil,filler,"DEPRECATED,FERTILIZER,RESOURCE_PACK",
5125,Resource Pack: 40 Quality Retaining Soil,filler,"DEPRECATED,FERTILIZER,RESOURCE_PACK",
5126,Resource Pack: 4 Deluxe Speed-Gro,filler,"DEPRECATED,FERTILIZER,RESOURCE_PACK",
5127,Resource Pack: 12 Deluxe Speed-Gro,filler,"DEPRECATED,FERTILIZER,RESOURCE_PACK",
5128,Resource Pack: 20 Deluxe Speed-Gro,filler,"FERTILIZER,RESOURCE_PACK",
5129,Resource Pack: 28 Deluxe Speed-Gro,filler,"DEPRECATED,FERTILIZER,RESOURCE_PACK",
5130,Resource Pack: 36 Deluxe Speed-Gro,filler,"DEPRECATED,FERTILIZER,RESOURCE_PACK",
5131,Resource Pack: 40 Deluxe Speed-Gro,filler,"DEPRECATED,FERTILIZER,RESOURCE_PACK",
5132,Resource Pack: 2 Deluxe Fertilizer,useful,"DEPRECATED,FERTILIZER,RESOURCE_PACK",
5133,Resource Pack: 6 Deluxe Fertilizer,useful,"DEPRECATED,FERTILIZER,RESOURCE_PACK",
5134,Resource Pack: 10 Deluxe Fertilizer,useful,"FERTILIZER,RESOURCE_PACK",
5135,Resource Pack: 14 Deluxe Fertilizer,useful,"DEPRECATED,FERTILIZER,RESOURCE_PACK",
5136,Resource Pack: 18 Deluxe Fertilizer,useful,"DEPRECATED,FERTILIZER,RESOURCE_PACK",
5137,Resource Pack: 20 Deluxe Fertilizer,useful,"DEPRECATED,FERTILIZER,RESOURCE_PACK",
5138,Resource Pack: 2 Deluxe Retaining Soil,useful,"DEPRECATED,FERTILIZER,RESOURCE_PACK",
5139,Resource Pack: 6 Deluxe Retaining Soil,useful,"DEPRECATED,FERTILIZER,RESOURCE_PACK",
5140,Resource Pack: 10 Deluxe Retaining Soil,useful,"FERTILIZER,RESOURCE_PACK",
5141,Resource Pack: 14 Deluxe Retaining Soil,useful,"DEPRECATED,FERTILIZER,RESOURCE_PACK",
5142,Resource Pack: 18 Deluxe Retaining Soil,useful,"DEPRECATED,FERTILIZER,RESOURCE_PACK",
5143,Resource Pack: 20 Deluxe Retaining Soil,useful,"DEPRECATED,FERTILIZER,RESOURCE_PACK",
5144,Resource Pack: 2 Hyper Speed-Gro,useful,"DEPRECATED,FERTILIZER,RESOURCE_PACK",
5145,Resource Pack: 6 Hyper Speed-Gro,useful,"DEPRECATED,FERTILIZER,RESOURCE_PACK",
5146,Resource Pack: 10 Hyper Speed-Gro,useful,"FERTILIZER,RESOURCE_PACK",
5147,Resource Pack: 14 Hyper Speed-Gro,useful,"DEPRECATED,FERTILIZER,RESOURCE_PACK",
5148,Resource Pack: 18 Hyper Speed-Gro,useful,"DEPRECATED,FERTILIZER,RESOURCE_PACK",
5149,Resource Pack: 20 Hyper Speed-Gro,useful,"DEPRECATED,FERTILIZER,RESOURCE_PACK",
5150,Resource Pack: 2 Tree Fertilizer,filler,"DEPRECATED,FERTILIZER,RESOURCE_PACK",
5151,Resource Pack: 6 Tree Fertilizer,filler,"DEPRECATED,FERTILIZER,RESOURCE_PACK",
5152,Resource Pack: 10 Tree Fertilizer,filler,"FERTILIZER,RESOURCE_PACK",
5153,Resource Pack: 14 Tree Fertilizer,filler,"DEPRECATED,FERTILIZER,RESOURCE_PACK",
5154,Resource Pack: 18 Tree Fertilizer,filler,"DEPRECATED,FERTILIZER,RESOURCE_PACK",
5155,Resource Pack: 20 Tree Fertilizer,filler,"DEPRECATED,FERTILIZER,RESOURCE_PACK",
5156,Resource Pack: 10 Spring Seeds,filler,"DEPRECATED,RESOURCE_PACK,SEED",
5157,Resource Pack: 20 Spring Seeds,filler,"DEPRECATED,RESOURCE_PACK,SEED",
5158,Resource Pack: 30 Spring Seeds,filler,"RESOURCE_PACK,SEED",
5159,Resource Pack: 40 Spring Seeds,filler,"DEPRECATED,RESOURCE_PACK,SEED",
5160,Resource Pack: 50 Spring Seeds,filler,"DEPRECATED,RESOURCE_PACK,SEED",
5161,Resource Pack: 60 Spring Seeds,filler,"DEPRECATED,RESOURCE_PACK,SEED",
5162,Resource Pack: 10 Summer Seeds,filler,"DEPRECATED,RESOURCE_PACK,SEED",
5163,Resource Pack: 20 Summer Seeds,filler,"DEPRECATED,RESOURCE_PACK,SEED",
5164,Resource Pack: 30 Summer Seeds,filler,"RESOURCE_PACK,SEED",
5165,Resource Pack: 40 Summer Seeds,filler,"DEPRECATED,RESOURCE_PACK,SEED",
5166,Resource Pack: 50 Summer Seeds,filler,"DEPRECATED,RESOURCE_PACK,SEED",
5167,Resource Pack: 60 Summer Seeds,filler,"DEPRECATED,RESOURCE_PACK,SEED",
5168,Resource Pack: 10 Fall Seeds,filler,"DEPRECATED,RESOURCE_PACK,SEED",
5169,Resource Pack: 20 Fall Seeds,filler,"DEPRECATED,RESOURCE_PACK,SEED",
5170,Resource Pack: 30 Fall Seeds,filler,"RESOURCE_PACK,SEED",
5171,Resource Pack: 40 Fall Seeds,filler,"DEPRECATED,RESOURCE_PACK,SEED",
5172,Resource Pack: 50 Fall Seeds,filler,"DEPRECATED,RESOURCE_PACK,SEED",
5173,Resource Pack: 60 Fall Seeds,filler,"DEPRECATED,RESOURCE_PACK,SEED",
5174,Resource Pack: 10 Winter Seeds,filler,"DEPRECATED,RESOURCE_PACK,SEED",
5175,Resource Pack: 20 Winter Seeds,filler,"DEPRECATED,RESOURCE_PACK,SEED",
5176,Resource Pack: 30 Winter Seeds,filler,"RESOURCE_PACK,SEED",
5177,Resource Pack: 40 Winter Seeds,filler,"DEPRECATED,RESOURCE_PACK,SEED",
5178,Resource Pack: 50 Winter Seeds,filler,"DEPRECATED,RESOURCE_PACK,SEED",
5179,Resource Pack: 60 Winter Seeds,filler,"DEPRECATED,RESOURCE_PACK,SEED",
5180,Resource Pack: 1 Mahogany Seed,filler,"DEPRECATED,RESOURCE_PACK,SEED",
5181,Resource Pack: 3 Mahogany Seed,filler,"DEPRECATED,RESOURCE_PACK,SEED",
5182,Resource Pack: 5 Mahogany Seed,filler,"RESOURCE_PACK,SEED",
5183,Resource Pack: 7 Mahogany Seed,filler,"DEPRECATED,RESOURCE_PACK,SEED",
5184,Resource Pack: 9 Mahogany Seed,filler,"DEPRECATED,RESOURCE_PACK,SEED",
5185,Resource Pack: 10 Mahogany Seed,filler,"DEPRECATED,RESOURCE_PACK,SEED",
5186,Resource Pack: 10 Bait,filler,"DEPRECATED,FISHING_RESOURCE,RESOURCE_PACK",
5187,Resource Pack: 20 Bait,filler,"DEPRECATED,FISHING_RESOURCE,RESOURCE_PACK",
5188,Resource Pack: 30 Bait,filler,"FISHING_RESOURCE,RESOURCE_PACK",
5189,Resource Pack: 40 Bait,filler,"DEPRECATED,FISHING_RESOURCE,RESOURCE_PACK",
5190,Resource Pack: 50 Bait,filler,"DEPRECATED,FISHING_RESOURCE,RESOURCE_PACK",
5191,Resource Pack: 60 Bait,filler,"DEPRECATED,FISHING_RESOURCE,RESOURCE_PACK",
5192,Resource Pack: 1 Crab Pot,filler,"DEPRECATED,FISHING_RESOURCE,RESOURCE_PACK",
5193,Resource Pack: 2 Crab Pot,filler,"DEPRECATED,FISHING_RESOURCE,RESOURCE_PACK",
5194,Resource Pack: 3 Crab Pot,filler,"FISHING_RESOURCE,RESOURCE_PACK",
5195,Resource Pack: 4 Crab Pot,filler,"DEPRECATED,FISHING_RESOURCE,RESOURCE_PACK",
5196,Resource Pack: 5 Crab Pot,filler,"DEPRECATED,FISHING_RESOURCE,RESOURCE_PACK",
5197,Resource Pack: 6 Crab Pot,filler,"DEPRECATED,FISHING_RESOURCE,RESOURCE_PACK",
5198,Friendship Bonus (1 <3),useful,"DEPRECATED,FRIENDSHIP_PACK,RESOURCE_PACK",
5199,Friendship Bonus (2 <3),useful,"FRIENDSHIP_PACK,COMMUNITY_REWARD",
5200,Friendship Bonus (3 <3),useful,"DEPRECATED,FRIENDSHIP_PACK,RESOURCE_PACK",
5201,Friendship Bonus (4 <3),useful,"DEPRECATED,FRIENDSHIP_PACK,RESOURCE_PACK",
5202,15 Qi Gems,progression,"GINGER_ISLAND,RESOURCE_PACK,RESOURCE_PACK_USEFUL",
5203,Solar Panel,filler,"RESOURCE_PACK,RESOURCE_PACK_USEFUL",
5204,Geode Crusher,filler,"MAXIMUM_ONE,RESOURCE_PACK,RESOURCE_PACK_USEFUL",
5205,Farm Computer,filler,"MAXIMUM_ONE,RESOURCE_PACK,RESOURCE_PACK_USEFUL",
5206,Bone Mill,filler,"MAXIMUM_ONE,RESOURCE_PACK,RESOURCE_PACK_USEFUL",
5207,Fiber Seeds,filler,RESOURCE_PACK,
5208,Chest,filler,"RESOURCE_PACK,RESOURCE_PACK_USEFUL",
5209,Stone Chest,filler,"RESOURCE_PACK,RESOURCE_PACK_USEFUL",
5210,Quality Bobber,filler,RESOURCE_PACK,
5211,Mini-Obelisk,filler,"AT_LEAST_TWO,RESOURCE_PACK",
5212,Monster Musk,filler,RESOURCE_PACK,
5213,Sprinkler,filler,"RESOURCE_PACK,RESOURCE_PACK_USEFUL",
5214,Quality Sprinkler,filler,"RESOURCE_PACK,RESOURCE_PACK_USEFUL",
5215,Iridium Sprinkler,filler,"RESOURCE_PACK,RESOURCE_PACK_USEFUL",
5216,Scarecrow,filler,RESOURCE_PACK,
5217,Deluxe Scarecrow,useful,"RESOURCE_PACK,RESOURCE_PACK_USEFUL",
5218,Furnace,filler,"RESOURCE_PACK,RESOURCE_PACK_USEFUL",
5219,Charcoal Kiln,filler,"RESOURCE_PACK,RESOURCE_PACK_USEFUL",
5220,Lightning Rod,filler,"RESOURCE_PACK,RESOURCE_PACK_USEFUL",
5221,Resource Pack: 5000 Money,useful,"BASE_RESOURCE,RESOURCE_PACK,RESOURCE_PACK_USEFUL",
5222,Resource Pack: 10000 Money,useful,"BASE_RESOURCE,RESOURCE_PACK,RESOURCE_PACK_USEFUL",
5223,Junimo Chest,filler,"AT_LEAST_TWO,RESOURCE_PACK",
5224,Horse Flute,useful,"MAXIMUM_ONE,RESOURCE_PACK,RESOURCE_PACK_USEFUL",
5225,Pierre's Missing Stocklist,useful,"MAXIMUM_ONE,RESOURCE_PACK,RESOURCE_PACK_USEFUL",
5226,Hopper,filler,"RESOURCE_PACK,RESOURCE_PACK_USEFUL",
5227,Enricher,filler,"RESOURCE_PACK,RESOURCE_PACK_USEFUL",
5228,Pressure Nozzle,filler,"RESOURCE_PACK,RESOURCE_PACK_USEFUL",
5229,Deconstructor,filler,"MAXIMUM_ONE,RESOURCE_PACK,RESOURCE_PACK_USEFUL",
5230,Key To The Town,useful,"MAXIMUM_ONE,RESOURCE_PACK,RESOURCE_PACK_USEFUL",
5231,Galaxy Soul,filler,"GINGER_ISLAND,RESOURCE_PACK,RESOURCE_PACK_USEFUL",
5232,Mushroom Tree Seed,filler,"RESOURCE_PACK,RESOURCE_PACK_USEFUL",
5233,Resource Pack: 20 Magic Bait,filler,"RESOURCE_PACK,RESOURCE_PACK_USEFUL",
5234,Resource Pack: 10 Qi Seasoning,filler,"RESOURCE_PACK,RESOURCE_PACK_USEFUL",
5235,Mr. Qi's Hat,filler,"MAXIMUM_ONE,RESOURCE_PACK",
5236,Aquatic Sanctuary,filler,RESOURCE_PACK,
5237,Leprechaun Hat,filler,"MAXIMUM_ONE,RESOURCE_PACK",
5242,Exotic Double Bed,filler,RESOURCE_PACK,
5243,Resource Pack: 2 Qi Gem,filler,"GINGER_ISLAND,RESOURCE_PACK,DEPRECATED",
5247,Fairy Dust,useful,"RESOURCE_PACK,RESOURCE_PACK_USEFUL",
5248,Seed Maker,useful,"RESOURCE_PACK,RESOURCE_PACK_USEFUL",
5249,Keg,useful,"RESOURCE_PACK,RESOURCE_PACK_USEFUL",
5250,Cask,useful,"RESOURCE_PACK,RESOURCE_PACK_USEFUL",
5251,Preserves Jar,useful,"RESOURCE_PACK,RESOURCE_PACK_USEFUL",
5252,Bee House,useful,"RESOURCE_PACK,RESOURCE_PACK_USEFUL",
5253,Garden Pot,useful,"RESOURCE_PACK,RESOURCE_PACK_USEFUL",
5254,Cheese Press,useful,"RESOURCE_PACK,RESOURCE_PACK_USEFUL",
5255,Mayonnaise Machine,useful,"RESOURCE_PACK,RESOURCE_PACK_USEFUL",
5256,Loom,useful,"RESOURCE_PACK,RESOURCE_PACK_USEFUL",
5257,Oil Maker,useful,"RESOURCE_PACK,RESOURCE_PACK_USEFUL",
5258,Recycling Machine,useful,"RESOURCE_PACK,RESOURCE_PACK_USEFUL",
5259,Worm Bin,useful,"RESOURCE_PACK,RESOURCE_PACK_USEFUL",
5260,Tapper,useful,"RESOURCE_PACK,RESOURCE_PACK_USEFUL",
5261,Heavy Tapper,useful,"RESOURCE_PACK,RESOURCE_PACK_USEFUL",
5262,Slime Incubator,useful,RESOURCE_PACK,
5263,Slime Egg-Press,useful,RESOURCE_PACK,
5264,Crystalarium,useful,"RESOURCE_PACK,RESOURCE_PACK_USEFUL",
5265,Ostrich Incubator,useful,"MAXIMUM_ONE,RESOURCE_PACK,RESOURCE_PACK_USEFUL",
5266,Resource Pack: 5 Staircase,filler,"RESOURCE_PACK",
5267,Auto-Petter,useful,"RESOURCE_PACK,RESOURCE_PACK_USEFUL",
5268,Auto-Grabber,useful,"RESOURCE_PACK,RESOURCE_PACK_USEFUL",
5269,Resource Pack: 10 Calico Egg,filler,"RESOURCE_PACK",
5270,Resource Pack: 20 Calico Egg,filler,"RESOURCE_PACK",
5272,Tent Kit,useful,"RESOURCE_PACK,RESOURCE_PACK_USEFUL",
5273,Resource Pack: 4 Mystery Box,filler,"RESOURCE_PACK",
5274,Prize Ticket,filler,"RESOURCE_PACK",
5275,Resource Pack: 20 Deluxe Bait,filler,"RESOURCE_PACK",
5276,Resource Pack: 2 Triple Shot Espresso,filler,"RESOURCE_PACK",
5277,Dish O' The Sea,filler,"RESOURCE_PACK",
5278,Seafoam Pudding,useful,"RESOURCE_PACK,RESOURCE_PACK_USEFUL",
5279,Trap Bobber,useful,"RESOURCE_PACK,RESOURCE_PACK_USEFUL",
5280,Treasure Chest,filler,"RESOURCE_PACK",
5281,Resource Pack: 15 Mixed Seeds,filler,"RESOURCE_PACK",
5282,Resource Pack: 15 Mixed Flower Seeds,filler,"RESOURCE_PACK",
5283,Resource Pack: 5 Cherry Bomb,filler,"RESOURCE_PACK",
5284,Resource Pack: 3 Bomb,filler,"RESOURCE_PACK",
5285,Resource Pack: 2 Mega Bomb,filler,"RESOURCE_PACK",
5286,Resource Pack: 2 Life Elixir,filler,"RESOURCE_PACK",
5287,Resource Pack: 5 Coffee,filler,"RESOURCE_PACK",
5289,Prismatic Shard,filler,"RESOURCE_PACK",
5290,Stardrop Tea,filler,"RESOURCE_PACK",
5291,Resource Pack: 2 Artifact Trove,filler,"RESOURCE_PACK",
5292,Resource Pack: 20 Cinder Shard,filler,"GINGER_ISLAND,RESOURCE_PACK",
10001,Luck Level,progression,SKILL_LEVEL_UP,Luck Skill
10002,Magic Level,progression,SKILL_LEVEL_UP,Magic
10003,Socializing Level,progression,SKILL_LEVEL_UP,Socializing Skill
10004,Archaeology Level,progression,SKILL_LEVEL_UP,Archaeology
10005,Cooking Level,progression,SKILL_LEVEL_UP,Cooking Skill
10006,Binning Level,progression,SKILL_LEVEL_UP,Binning Skill
10007,Tractor Garage,useful,,Tractor Mod
10008,Woods Obelisk,progression,,DeepWoods
10009,Spell: Clear Debris,progression,MAGIC_SPELL,Magic
10010,Spell: Till,progression,MAGIC_SPELL,Magic
10011,Spell: Water,progression,MAGIC_SPELL,Magic
10012,Spell: Blink,progression,MAGIC_SPELL,Magic
10013,Spell: Evac,progression,MAGIC_SPELL,Magic
10014,Spell: Haste,progression,MAGIC_SPELL,Magic
10015,Spell: Heal,progression,MAGIC_SPELL,Magic
10016,Spell: Buff,progression,MAGIC_SPELL,Magic
10017,Spell: Shockwave,progression,MAGIC_SPELL,Magic
10018,Spell: Fireball,progression,MAGIC_SPELL,Magic
10019,Spell: Frostbolt,progression,MAGIC_SPELL,Magic
10020,Spell: Teleport,progression,MAGIC_SPELL,Magic
10021,Spell: Lantern,progression,MAGIC_SPELL,Magic
10022,Spell: Tendrils,progression,MAGIC_SPELL,Magic
10023,Spell: Photosynthesis,progression,MAGIC_SPELL,Magic
10024,Spell: Descend,progression,MAGIC_SPELL,Magic
10025,Spell: Meteor,progression,MAGIC_SPELL,Magic
10026,Spell: Bloodmana,progression,MAGIC_SPELL,Magic
10027,Spell: Lucksteal,progression,MAGIC_SPELL,Magic
10028,Spell: Spirit,progression,MAGIC_SPELL,Magic
10029,Spell: Rewind,progression,MAGIC_SPELL,Magic
10030,Pendant of Community,progression,,DeepWoods
10031,Pendant of Elders,progression,,DeepWoods
10032,Pendant of Depths,progression,,DeepWoods
10101,Juna <3,progression,FRIENDSANITY,Juna - Roommate NPC
10102,Jasper <3,progression,FRIENDSANITY,Professor Jasper Thomas
10103,Alec <3,progression,FRIENDSANITY,Alec Revisited
10104,Yoba <3,progression,FRIENDSANITY,Custom NPC - Yoba
10105,Eugene <3,progression,FRIENDSANITY,Custom NPC Eugene
10106,Wellwick <3,progression,FRIENDSANITY,'Prophet' Wellwick
10107,Mr. Ginger <3,progression,FRIENDSANITY,Mister Ginger (cat npc)
10108,Shiko <3,progression,FRIENDSANITY,Shiko - New Custom NPC
10109,Delores <3,progression,FRIENDSANITY,Delores - Custom NPC
10110,Ayeisha <3,progression,FRIENDSANITY,Ayeisha - The Postal Worker (Custom NPC)
10111,Riley <3,progression,FRIENDSANITY,Custom NPC - Riley
10112,Claire <3,progression,FRIENDSANITY,Stardew Valley Expanded
10113,Lance <3,progression,"FRIENDSANITY,GINGER_ISLAND",Stardew Valley Expanded
10114,Olivia <3,progression,FRIENDSANITY,Stardew Valley Expanded
10115,Sophia <3,progression,FRIENDSANITY,Stardew Valley Expanded
10116,Victor <3,progression,FRIENDSANITY,Stardew Valley Expanded
10117,Andy <3,progression,FRIENDSANITY,Stardew Valley Expanded
10118,Apples <3,progression,FRIENDSANITY,Stardew Valley Expanded
10119,Gunther <3,progression,FRIENDSANITY,Stardew Valley Expanded
10120,Martin <3,progression,FRIENDSANITY,Stardew Valley Expanded
10121,Marlon <3,progression,FRIENDSANITY,Stardew Valley Expanded
10122,Morgan <3,progression,FRIENDSANITY,Stardew Valley Expanded
10123,Scarlett <3,progression,FRIENDSANITY,Stardew Valley Expanded
10124,Susan <3,progression,FRIENDSANITY,Stardew Valley Expanded
10125,Morris <3,progression,FRIENDSANITY,Stardew Valley Expanded
10126,Alecto <3,progression,FRIENDSANITY,Alecto the Witch
10127,Zic <3,progression,FRIENDSANITY,Distant Lands - Witch Swamp Overhaul
10128,Lacey <3,progression,FRIENDSANITY,Hat Mouse Lacey
10129,Gregory <3,progression,FRIENDSANITY,Boarding House and Bus Stop Extension
10130,Sheila <3,progression,FRIENDSANITY,Boarding House and Bus Stop Extension
10131,Joel <3,progression,FRIENDSANITY,Boarding House and Bus Stop Extension
10301,Progressive Woods Obelisk Sigils,progression,,DeepWoods
10302,Progressive Skull Cavern Elevator,progression,,Skull Cavern Elevator
10401,Baked Berry Oatmeal Recipe,progression,"CHEFSANITY,CHEFSANITY_PURCHASE",Stardew Valley Expanded
10402,Big Bark Burger Recipe,progression,"CHEFSANITY,CHEFSANITY_PURCHASE",Stardew Valley Expanded
10403,Flower Cookie Recipe,progression,"CHEFSANITY,CHEFSANITY_PURCHASE",Stardew Valley Expanded
10404,Frog Legs Recipe,progression,"CHEFSANITY,CHEFSANITY_PURCHASE",Stardew Valley Expanded
10405,Glazed Butterfish Recipe,progression,"CHEFSANITY,CHEFSANITY_PURCHASE",Stardew Valley Expanded
10406,Mixed Berry Pie Recipe,progression,"CHEFSANITY,CHEFSANITY_PURCHASE",Stardew Valley Expanded
10407,Mushroom Berry Rice Recipe,progression,"CHEFSANITY,CHEFSANITY_PURCHASE",Stardew Valley Expanded
10408,Seaweed Salad Recipe,progression,"CHEFSANITY,CHEFSANITY_PURCHASE",Stardew Valley Expanded
10409,Void Delight Recipe,progression,"CHEFSANITY,CHEFSANITY_PURCHASE",Stardew Valley Expanded
10410,Void Salmon Sushi Recipe,progression,"CHEFSANITY,CHEFSANITY_PURCHASE",Stardew Valley Expanded
10411,Mushroom Kebab Recipe,progression,"CHEFSANITY,CHEFSANITY_FRIENDSHIP",Distant Lands - Witch Swamp Overhaul
10412,Crayfish Soup Recipe,progression,"CHEFSANITY,CHEFSANITY_FRIENDSHIP",Distant Lands - Witch Swamp Overhaul
10413,Pemmican Recipe,progression,"CHEFSANITY,CHEFSANITY_FRIENDSHIP",Distant Lands - Witch Swamp Overhaul
10414,Void Mint Tea Recipe,progression,"CHEFSANITY,CHEFSANITY_FRIENDSHIP",Distant Lands - Witch Swamp Overhaul
10415,Ginger Tincture Recipe,progression,"GINGER_ISLAND,CHEFSANITY,CHEFSANITY_FRIENDSHIP",Distant Lands - Witch Swamp Overhaul
10416,Special Pumpkin Soup Recipe,progression,"CHEFSANITY,CHEFSANITY_FRIENDSHIP",Boarding House and Bus Stop Extension
10417,Rocky Root Coffee Recipe,progression,"CHEFSANITY,CHEFSANITY_SKILL",Archaeology
10418,Digger's Delight Recipe,progression,"CHEFSANITY,CHEFSANITY_SKILL",Archaeology
10419,Ancient Jello Recipe,progression,"CHEFSANITY,CHEFSANITY_SKILL",Archaeology
10420,Grilled Cheese Recipe,progression,"CHEFSANITY,CHEFSANITY_SKILL",Binning Skill
10421,Fish Casserole Recipe,progression,"CHEFSANITY,CHEFSANITY_SKILL",Binning Skill
10450,Void Mint Seeds,progression,DEPRECATED,Distant Lands - Witch Swamp Overhaul
10451,Vile Ancient Fruit Seeds,progression,DEPRECATED,Distant Lands - Witch Swamp Overhaul
10501,Marlon's Boat Paddle,progression,GINGER_ISLAND,Stardew Valley Expanded
10502,Diamond Wand,filler,"WEAPON,DEPRECATED",Stardew Valley Expanded
10503,Iridium Bomb,progression,,Stardew Valley Expanded
10504,Void Spirit Peace Agreement,useful,GINGER_ISLAND,Stardew Valley Expanded
10505,Kittyfish Spell,progression,,Stardew Valley Expanded
10506,Nexus: Adventurer's Guild Runes,progression,MOD_WARP,Stardew Valley Expanded
10507,Nexus: Junimo Woods Runes,progression,MOD_WARP,Stardew Valley Expanded
10508,Nexus: Aurora Vineyard Runes,progression,MOD_WARP,Stardew Valley Expanded
10509,Nexus: Sprite Spring Runes,progression,MOD_WARP,Stardew Valley Expanded
10510,Nexus: Outpost Runes,progression,MOD_WARP,Stardew Valley Expanded
10511,Nexus: Farm Runes,progression,MOD_WARP,Stardew Valley Expanded
10512,Nexus: Wizard Runes,progression,MOD_WARP,Stardew Valley Expanded
10513,Fable Reef Portal,progression,GINGER_ISLAND,Stardew Valley Expanded
10514,Tempered Galaxy Sword,filler,"WEAPON,DEPRECATED",Stardew Valley Expanded
10515,Tempered Galaxy Dagger,filler,"WEAPON,DEPRECATED",Stardew Valley Expanded
10516,Tempered Galaxy Hammer,filler,"WEAPON,DEPRECATED",Stardew Valley Expanded
10517,Grandpa's Shed,progression,,Stardew Valley Expanded
10518,Aurora Vineyard Tablet,progression,,Stardew Valley Expanded
10519,Scarlett's Job Offer,progression,,Stardew Valley Expanded
10520,Morgan's Schooling,progression,,Stardew Valley Expanded
10521,Aurora Vineyard Reclamation,progression,,Stardew Valley Expanded
10601,Magic Elixir Recipe,progression,"CHEFSANITY,CHEFSANITY_PURCHASE",Magic
10602,Travel Core Recipe,progression,CRAFTSANITY,Magic
10603,Haste Elixir Recipe,progression,CRAFTSANITY,Stardew Valley Expanded
10604,Hero Elixir Recipe,progression,CRAFTSANITY,Stardew Valley Expanded
10605,Armor Elixir Recipe,progression,CRAFTSANITY,Stardew Valley Expanded
10606,Neanderthal Skeleton Recipe,progression,CRAFTSANITY,Boarding House and Bus Stop Extension
10607,Pterodactyl Skeleton L Recipe,progression,CRAFTSANITY,Boarding House and Bus Stop Extension
10608,Pterodactyl Skeleton M Recipe,progression,CRAFTSANITY,Boarding House and Bus Stop Extension
10609,Pterodactyl Skeleton R Recipe,progression,CRAFTSANITY,Boarding House and Bus Stop Extension
10610,T-Rex Skeleton L Recipe,progression,CRAFTSANITY,Boarding House and Bus Stop Extension
10611,T-Rex Skeleton M Recipe,progression,CRAFTSANITY,Boarding House and Bus Stop Extension
10612,T-Rex Skeleton R Recipe,progression,CRAFTSANITY,Boarding House and Bus Stop Extension
10701,Resource Pack: 3 Magic Elixir,filler,RESOURCE_PACK,Magic
10702,Resource Pack: 3 Travel Core,filler,RESOURCE_PACK,Magic
10703,Preservation Chamber,filler,"RESOURCE_PACK,RESOURCE_PACK_USEFUL",Archaeology
10704,Hardwood Preservation Chamber,filler,"RESOURCE_PACK,RESOURCE_PACK_USEFUL",Archaeology
10705,Resource Pack: 3 Water Shifter,filler,RESOURCE_PACK,Archaeology
10706,Resource Pack: 5 Hardwood Display,filler,RESOURCE_PACK,Archaeology
10707,Resource Pack: 5 Wooden Display,filler,RESOURCE_PACK,Archaeology
10708,Grinder,filler,"RESOURCE_PACK,RESOURCE_PACK_USEFUL",Archaeology
10709,Ancient Battery Production Station,filler,"RESOURCE_PACK,RESOURCE_PACK_USEFUL",Archaeology
10710,Hero Elixir,filler,RESOURCE_PACK,Stardew Valley Expanded
10711,Aegis Elixir,filler,RESOURCE_PACK,Stardew Valley Expanded
10712,Haste Elixir,filler,RESOURCE_PACK,Stardew Valley Expanded
10713,Lightning Elixir,filler,RESOURCE_PACK,Stardew Valley Expanded
10714,Armor Elixir,filler,RESOURCE_PACK,Stardew Valley Expanded
10715,Gravity Elixir,filler,RESOURCE_PACK,Stardew Valley Expanded
10716,Barbarian Elixir,filler,RESOURCE_PACK,Stardew Valley Expanded
10717,Restoration Table,filler,"RESOURCE_PACK,RESOURCE_PACK_USEFUL",Archaeology
10718,Trash Bin,filler,"RESOURCE_PACK,RESOURCE_PACK_USEFUL",Binning Skill
10719,Composter,filler,"RESOURCE_PACK,RESOURCE_PACK_USEFUL",Binning Skill
10720,Recycling Bin,filler,"RESOURCE_PACK,RESOURCE_PACK_USEFUL",Binning Skill
10721,Advanced Recycling Machine,filler,"RESOURCE_PACK,RESOURCE_PACK_USEFUL",Binning Skill
